research_row_id,canonical_family_id,canonical_family_slug,canonical_subservice_id,canonical_subservice_slug,exact_task_profile,risk_level,conditional_trigger_summary,mandatory_bundles,conditional_bundles,subject_bindings,missing_evidence_decision,policy_decision,reason_codes,source_state,legal_state,connector_state,assurance_level,product_release_state,production_state
"US-CA-LOS_ANGELES:plumbing:leak-repair","1","plumbing","15","leak-repair","plumbing/leak-repair","CRITICAL","US-EPA-RRP: 1978 öncesi konut/child-occupied facility’de ücretli renovation ile boyalı yüzey bozma; federal eşik ve istisnalar uygulanır","[{""key"":""GLOBAL-EVIDENCE-CHAIN"",""trigger"":""Her zorunlu credential""},{""key"":""GLOBAL-IDENTITY-ENTITY"",""trigger"":""Her sağlayıcı""},{""key"":""GLOBAL-LOCAL-LAW-TEXT"",""trigger"":""Her rule-pack ve kullanıcı metni""},{""key"":""US-CA-C36"",""trigger"":""Plumbing işinde contractor tetikleri veya platform ilanı""},{""key"":""US-CA-CONTRACTOR-CLASS"",""trigger"":""İş permit gerektiriyorsa, çalışan kullanılıyorsa veya labor+materials toplamı $1.000+ ise; platformda contractor olarak reklam minor exemption’ı kaldırabilir""},{""key"":""US-CA-LA-BASE"",""trigger"":""Los Angeles’ta her ticari sağlayıcı""}]","[{""key"":""US-EPA-RRP"",""trigger"":""1978 öncesi konut/child-occupied facility’de ücretli renovation ile boyalı yüzey bozma; federal eşik ve istisnalar uygulanır"",""condition"":""US-EPA-RRP: 1978 öncesi konut/child-occupied facility’de ücretli renovation ile boyalı yüzey bozma; federal eşik ve istisnalar uygulanır""}]","[{""subjectType"":""PERSON"",""required"":true},{""subjectType"":""BUSINESS"",""required"":true},{""subjectType"":""VEHICLE"",""required"":true},{""subjectType"":""SITE"",""required"":true},{""subjectType"":""OPERATOR"",""required"":true},{""subjectType"":""PERSON"",""required"":true},{""subjectType"":""BUSINESS"",""required"":true},{""subjectType"":""POLICY"",""required"":true},{""subjectType"":""BUSINESS"",""required"":true},{""subjectType"":""QUALIFIER"",""required"":true},{""subjectType"":""BUSINESS"",""required"":true},{""subjectType"":""QUALIFIER"",""required"":true},{""subjectType"":""PERSON"",""required"":true},{""subjectType"":""BUSINESS"",""required"":true},{""subjectType"":""PERSON"",""required"":true},{""subjectType"":""BUSINESS"",""required"":true},{""subjectType"":""SITE"",""required"":true}]","CAPABILITY_BLOCKED","BLOCKED","COUNTRY_SCAFFOLD_ONLY,AI_RESEARCHED_UNVERIFIED,LOCAL_COUNSEL_NOT_REVIEWED,CONNECTOR_NOT_AUTHORIZED,PRODUCT_RELEASE_PENDING","AI_RESEARCHED_UNVERIFIED","NOT_REVIEWED","NOT_IMPLEMENTED_OR_NOT_AUTHORIZED","SELF_ASSERTED","PENDING","BLOCKED_PENDING_GATES"
"US-CA-LOS_ANGELES:plumbing:clogged-drain","1","plumbing","28","clogged-drain","plumbing/clogged-drain","CRITICAL","US-EPA-RRP: 1978 öncesi konut/child-occupied facility’de ücretli renovation ile boyalı yüzey bozma; federal eşik ve istisnalar uygulanır","[{""key"":""GLOBAL-EVIDENCE-CHAIN"",""trigger"":""Her zorunlu credential""},{""key"":""GLOBAL-IDENTITY-ENTITY"",""trigger"":""Her sağlayıcı""},{""key"":""GLOBAL-LOCAL-LAW-TEXT"",""trigger"":""Her rule-pack ve kullanıcı metni""},{""key"":""US-CA-C36"",""trigger"":""Plumbing işinde contractor tetikleri veya platform ilanı""},{""key"":""US-CA-CONTRACTOR-CLASS"",""trigger"":""İş permit gerektiriyorsa, çalışan kullanılıyorsa veya labor+materials toplamı $1.000+ ise; platformda contractor olarak reklam minor exemption’ı kaldırabilir""},{""key"":""US-CA-LA-BASE"",""trigger"":""Los Angeles’ta her ticari sağlayıcı""}]","[{""key"":""US-EPA-RRP"",""trigger"":""1978 öncesi konut/child-occupied facility’de ücretli renovation ile boyalı yüzey bozma; federal eşik ve istisnalar uygulanır"",""condition"":""US-EPA-RRP: 1978 öncesi konut/child-occupied facility’de ücretli renovation ile boyalı yüzey bozma; federal eşik ve istisnalar uygulanır""}]","[{""subjectType"":""PERSON"",""required"":true},{""subjectType"":""BUSINESS"",""required"":true},{""subjectType"":""VEHICLE"",""required"":true},{""subjectType"":""SITE"",""required"":true},{""subjectType"":""OPERATOR"",""required"":true},{""subjectType"":""PERSON"",""required"":true},{""subjectType"":""BUSINESS"",""required"":true},{""subjectType"":""POLICY"",""required"":true},{""subjectType"":""BUSINESS"",""required"":true},{""subjectType"":""QUALIFIER"",""required"":true},{""subjectType"":""BUSINESS"",""required"":true},{""subjectType"":""QUALIFIER"",""required"":true},{""subjectType"":""PERSON"",""required"":true},{""subjectType"":""BUSINESS"",""required"":true},{""subjectType"":""PERSON"",""required"":true},{""subjectType"":""BUSINESS"",""required"":true},{""subjectType"":""SITE"",""required"":true}]","CAPABILITY_BLOCKED","BLOCKED","COUNTRY_SCAFFOLD_ONLY,AI_RESEARCHED_UNVERIFIED,LOCAL_COUNSEL_NOT_REVIEWED,CONNECTOR_NOT_AUTHORIZED,PRODUCT_RELEASE_PENDING","AI_RESEARCHED_UNVERIFIED","NOT_REVIEWED","NOT_IMPLEMENTED_OR_NOT_AUTHORIZED","SELF_ASSERTED","PENDING","BLOCKED_PENDING_GATES"
"US-CA-LOS_ANGELES:plumbing:boiler-piping","1","plumbing","40","boiler-piping","plumbing/boiler-piping","CRITICAL","US-EPA-RRP: 1978 öncesi konut/child-occupied facility’de ücretli renovation ile boyalı yüzey bozma; federal eşik ve istisnalar uygulanır | US-CA-C20-C38: Klima, ısıtma veya refrigeration işi | US-CA-C10: Elektrik tesisatı/onarımı","[{""key"":""GLOBAL-EVIDENCE-CHAIN"",""trigger"":""Her zorunlu credential""},{""key"":""GLOBAL-IDENTITY-ENTITY"",""trigger"":""Her sağlayıcı""},{""key"":""GLOBAL-LOCAL-LAW-TEXT"",""trigger"":""Her rule-pack ve kullanıcı metni""},{""key"":""US-CA-C36"",""trigger"":""Plumbing işinde contractor tetikleri veya platform ilanı""},{""key"":""US-CA-CONTRACTOR-CLASS"",""trigger"":""İş permit gerektiriyorsa, çalışan kullanılıyorsa veya labor+materials toplamı $1.000+ ise; platformda contractor olarak reklam minor exemption’ı kaldırabilir""},{""key"":""US-CA-LA-BASE"",""trigger"":""Los Angeles’ta her ticari sağlayıcı""}]","[{""key"":""US-CA-C10"",""trigger"":""Elektrik tesisatı/onarımı"",""condition"":""US-EPA-RRP: 1978 öncesi konut/child-occupied facility’de ücretli renovation ile boyalı yüzey bozma; federal eşik ve istisnalar uygulanır | US-CA-C20-C38: Klima, ısıtma veya refrigeration işi | US-CA-C10: Elektrik tesisatı/onarımı""},{""key"":""US-CA-C20-C38"",""trigger"":""Klima, ısıtma veya refrigeration işi"",""condition"":""US-EPA-RRP: 1978 öncesi konut/child-occupied facility’de ücretli renovation ile boyalı yüzey bozma; federal eşik ve istisnalar uygulanır | US-CA-C20-C38: Klima, ısıtma veya refrigeration işi | US-CA-C10: Elektrik tesisatı/onarımı""},{""key"":""US-EPA-RRP"",""trigger"":""1978 öncesi konut/child-occupied facility’de ücretli renovation ile boyalı yüzey bozma; federal eşik ve istisnalar uygulanır"",""condition"":""US-EPA-RRP: 1978 öncesi konut/child-occupied facility’de ücretli renovation ile boyalı yüzey bozma; federal eşik ve istisnalar uygulanır | US-CA-C20-C38: Klima, ısıtma veya refrigeration işi | US-CA-C10: Elektrik tesisatı/onarımı""}]","[{""subjectType"":""PERSON"",""required"":true},{""subjectType"":""BUSINESS"",""required"":true},{""subjectType"":""VEHICLE"",""required"":true},{""subjectType"":""SITE"",""required"":true},{""subjectType"":""OPERATOR"",""required"":true},{""subjectType"":""PERSON"",""required"":true},{""subjectType"":""BUSINESS"",""required"":true},{""subjectType"":""POLICY"",""required"":true},{""subjectType"":""BUSINESS"",""required"":true},{""subjectType"":""QUALIFIER"",""required"":true},{""subjectType"":""BUSINESS"",""required"":true},{""subjectType"":""QUALIFIER"",""required"":true},{""subjectType"":""BUSINESS"",""required"":true},{""subjectType"":""QUALIFIER"",""required"":true},{""subjectType"":""BUSINESS"",""required"":true},{""subjectType"":""QUALIFIER"",""required"":true},{""subjectType"":""PERSON"",""required"":true},{""subjectType"":""BUSINESS"",""required"":true},{""subjectType"":""PERSON"",""required"":true},{""subjectType"":""BUSINESS"",""required"":true},{""subjectType"":""SITE"",""required"":true}]","CAPABILITY_BLOCKED","BLOCKED","COUNTRY_SCAFFOLD_ONLY,AI_RESEARCHED_UNVERIFIED,LOCAL_COUNSEL_NOT_REVIEWED,CONNECTOR_NOT_AUTHORIZED,PRODUCT_RELEASE_PENDING","AI_RESEARCHED_UNVERIFIED","NOT_REVIEWED","NOT_IMPLEMENTED_OR_NOT_AUTHORIZED","SELF_ASSERTED","PENDING","BLOCKED_PENDING_GATES"
"US-CA-LOS_ANGELES:plumbing:faucet-installation","1","plumbing","52","faucet-installation","plumbing/faucet-installation","CRITICAL","US-EPA-RRP: 1978 öncesi konut/child-occupied facility’de ücretli renovation ile boyalı yüzey bozma; federal eşik ve istisnalar uygulanır","[{""key"":""GLOBAL-EVIDENCE-CHAIN"",""trigger"":""Her zorunlu credential""},{""key"":""GLOBAL-IDENTITY-ENTITY"",""trigger"":""Her sağlayıcı""},{""key"":""GLOBAL-LOCAL-LAW-TEXT"",""trigger"":""Her rule-pack ve kullanıcı metni""},{""key"":""US-CA-C36"",""trigger"":""Plumbing işinde contractor tetikleri veya platform ilanı""},{""key"":""US-CA-CONTRACTOR-CLASS"",""trigger"":""İş permit gerektiriyorsa, çalışan kullanılıyorsa veya labor+materials toplamı $1.000+ ise; platformda contractor olarak reklam minor exemption’ı kaldırabilir""},{""key"":""US-CA-LA-BASE"",""trigger"":""Los Angeles’ta her ticari sağlayıcı""}]","[{""key"":""US-EPA-RRP"",""trigger"":""1978 öncesi konut/child-occupied facility’de ücretli renovation ile boyalı yüzey bozma; federal eşik ve istisnalar uygulanır"",""condition"":""US-EPA-RRP: 1978 öncesi konut/child-occupied facility’de ücretli renovation ile boyalı yüzey bozma; federal eşik ve istisnalar uygulanır""}]","[{""subjectType"":""PERSON"",""required"":true},{""subjectType"":""BUSINESS"",""required"":true},{""subjectType"":""VEHICLE"",""required"":true},{""subjectType"":""SITE"",""required"":true},{""subjectType"":""OPERATOR"",""required"":true},{""subjectType"":""PERSON"",""required"":true},{""subjectType"":""BUSINESS"",""required"":true},{""subjectType"":""POLICY"",""required"":true},{""subjectType"":""BUSINESS"",""required"":true},{""subjectType"":""QUALIFIER"",""required"":true},{""subjectType"":""BUSINESS"",""required"":true},{""subjectType"":""QUALIFIER"",""required"":true},{""subjectType"":""PERSON"",""required"":true},{""subjectType"":""BUSINESS"",""required"":true},{""subjectType"":""PERSON"",""required"":true},{""subjectType"":""BUSINESS"",""required"":true},{""subjectType"":""SITE"",""required"":true}]","CAPABILITY_BLOCKED","BLOCKED","COUNTRY_SCAFFOLD_ONLY,AI_RESEARCHED_UNVERIFIED,LOCAL_COUNSEL_NOT_REVIEWED,CONNECTOR_NOT_AUTHORIZED,PRODUCT_RELEASE_PENDING","AI_RESEARCHED_UNVERIFIED","NOT_REVIEWED","NOT_IMPLEMENTED_OR_NOT_AUTHORIZED","SELF_ASSERTED","PENDING","BLOCKED_PENDING_GATES"
"US-CA-LOS_ANGELES:electrical:fault-repair","2","electrical","1","fault-repair","electrical/fault-repair","CRITICAL","US-EPA-RRP: 1978 öncesi konut/child-occupied facility’de ücretli renovation ile boyalı yüzey bozma; federal eşik ve istisnalar uygulanır","[{""key"":""GLOBAL-EVIDENCE-CHAIN"",""trigger"":""Her zorunlu credential""},{""key"":""GLOBAL-IDENTITY-ENTITY"",""trigger"":""Her sağlayıcı""},{""key"":""GLOBAL-LOCAL-LAW-TEXT"",""trigger"":""Her rule-pack ve kullanıcı metni""},{""key"":""US-CA-C10"",""trigger"":""Elektrik tesisatı/onarımı""},{""key"":""US-CA-CONTRACTOR-CLASS"",""trigger"":""İş permit gerektiriyorsa, çalışan kullanılıyorsa veya labor+materials toplamı $1.000+ ise; platformda contractor olarak reklam minor exemption’ı kaldırabilir""},{""key"":""US-CA-LA-BASE"",""trigger"":""Los Angeles’ta her ticari sağlayıcı""}]","[{""key"":""US-EPA-RRP"",""trigger"":""1978 öncesi konut/child-occupied facility’de ücretli renovation ile boyalı yüzey bozma; federal eşik ve istisnalar uygulanır"",""condition"":""US-EPA-RRP: 1978 öncesi konut/child-occupied facility’de ücretli renovation ile boyalı yüzey bozma; federal eşik ve istisnalar uygulanır""}]","[{""subjectType"":""PERSON"",""required"":true},{""subjectType"":""BUSINESS"",""required"":true},{""subjectType"":""VEHICLE"",""required"":true},{""subjectType"":""SITE"",""required"":true},{""subjectType"":""OPERATOR"",""required"":true},{""subjectType"":""PERSON"",""required"":true},{""subjectType"":""BUSINESS"",""required"":true},{""subjectType"":""POLICY"",""required"":true},{""subjectType"":""BUSINESS"",""required"":true},{""subjectType"":""QUALIFIER"",""required"":true},{""subjectType"":""BUSINESS"",""required"":true},{""subjectType"":""QUALIFIER"",""required"":true},{""subjectType"":""PERSON"",""required"":true},{""subjectType"":""BUSINESS"",""required"":true},{""subjectType"":""PERSON"",""required"":true},{""subjectType"":""BUSINESS"",""required"":true},{""subjectType"":""SITE"",""required"":true}]","CAPABILITY_BLOCKED","BLOCKED","COUNTRY_SCAFFOLD_ONLY,AI_RESEARCHED_UNVERIFIED,LOCAL_COUNSEL_NOT_REVIEWED,CONNECTOR_NOT_AUTHORIZED,PRODUCT_RELEASE_PENDING","AI_RESEARCHED_UNVERIFIED","NOT_REVIEWED","NOT_IMPLEMENTED_OR_NOT_AUTHORIZED","SELF_ASSERTED","PENDING","BLOCKED_PENDING_GATES"
"US-CA-LOS_ANGELES:electrical:fixture-installation","2","electrical","2","fixture-installation","electrical/fixture-installation","CRITICAL","US-EPA-RRP: 1978 öncesi konut/child-occupied facility’de ücretli renovation ile boyalı yüzey bozma; federal eşik ve istisnalar uygulanır","[{""key"":""GLOBAL-EVIDENCE-CHAIN"",""trigger"":""Her zorunlu credential""},{""key"":""GLOBAL-IDENTITY-ENTITY"",""trigger"":""Her sağlayıcı""},{""key"":""GLOBAL-LOCAL-LAW-TEXT"",""trigger"":""Her rule-pack ve kullanıcı metni""},{""key"":""US-CA-C10"",""trigger"":""Elektrik tesisatı/onarımı""},{""key"":""US-CA-CONTRACTOR-CLASS"",""trigger"":""İş permit gerektiriyorsa, çalışan kullanılıyorsa veya labor+materials toplamı $1.000+ ise; platformda contractor olarak reklam minor exemption’ı kaldırabilir""},{""key"":""US-CA-LA-BASE"",""trigger"":""Los Angeles’ta her ticari sağlayıcı""}]","[{""key"":""US-EPA-RRP"",""trigger"":""1978 öncesi konut/child-occupied facility’de ücretli renovation ile boyalı yüzey bozma; federal eşik ve istisnalar uygulanır"",""condition"":""US-EPA-RRP: 1978 öncesi konut/child-occupied facility’de ücretli renovation ile boyalı yüzey bozma; federal eşik ve istisnalar uygulanır""}]","[{""subjectType"":""PERSON"",""required"":true},{""subjectType"":""BUSINESS"",""required"":true},{""subjectType"":""VEHICLE"",""required"":true},{""subjectType"":""SITE"",""required"":true},{""subjectType"":""OPERATOR"",""required"":true},{""subjectType"":""PERSON"",""required"":true},{""subjectType"":""BUSINESS"",""required"":true},{""subjectType"":""POLICY"",""required"":true},{""subjectType"":""BUSINESS"",""required"":true},{""subjectType"":""QUALIFIER"",""required"":true},{""subjectType"":""BUSINESS"",""required"":true},{""subjectType"":""QUALIFIER"",""required"":true},{""subjectType"":""PERSON"",""required"":true},{""subjectType"":""BUSINESS"",""required"":true},{""subjectType"":""PERSON"",""required"":true},{""subjectType"":""BUSINESS"",""required"":true},{""subjectType"":""SITE"",""required"":true}]","CAPABILITY_BLOCKED","BLOCKED","COUNTRY_SCAFFOLD_ONLY,AI_RESEARCHED_UNVERIFIED,LOCAL_COUNSEL_NOT_REVIEWED,CONNECTOR_NOT_AUTHORIZED,PRODUCT_RELEASE_PENDING","AI_RESEARCHED_UNVERIFIED","NOT_REVIEWED","NOT_IMPLEMENTED_OR_NOT_AUTHORIZED","SELF_ASSERTED","PENDING","BLOCKED_PENDING_GATES"
"US-CA-LOS_ANGELES:electrical:panel-renewal","2","electrical","3","panel-renewal","electrical/panel-renewal","CRITICAL","US-EPA-RRP: 1978 öncesi konut/child-occupied facility’de ücretli renovation ile boyalı yüzey bozma; federal eşik ve istisnalar uygulanır","[{""key"":""GLOBAL-EVIDENCE-CHAIN"",""trigger"":""Her zorunlu credential""},{""key"":""GLOBAL-IDENTITY-ENTITY"",""trigger"":""Her sağlayıcı""},{""key"":""GLOBAL-LOCAL-LAW-TEXT"",""trigger"":""Her rule-pack ve kullanıcı metni""},{""key"":""US-CA-C10"",""trigger"":""Elektrik tesisatı/onarımı""},{""key"":""US-CA-CONTRACTOR-CLASS"",""trigger"":""İş permit gerektiriyorsa, çalışan kullanılıyorsa veya labor+materials toplamı $1.000+ ise; platformda contractor olarak reklam minor exemption’ı kaldırabilir""},{""key"":""US-CA-LA-BASE"",""trigger"":""Los Angeles’ta her ticari sağlayıcı""}]","[{""key"":""US-EPA-RRP"",""trigger"":""1978 öncesi konut/child-occupied facility’de ücretli renovation ile boyalı yüzey bozma; federal eşik ve istisnalar uygulanır"",""condition"":""US-EPA-RRP: 1978 öncesi konut/child-occupied facility’de ücretli renovation ile boyalı yüzey bozma; federal eşik ve istisnalar uygulanır""}]","[{""subjectType"":""PERSON"",""required"":true},{""subjectType"":""BUSINESS"",""required"":true},{""subjectType"":""VEHICLE"",""required"":true},{""subjectType"":""SITE"",""required"":true},{""subjectType"":""OPERATOR"",""required"":true},{""subjectType"":""PERSON"",""required"":true},{""subjectType"":""BUSINESS"",""required"":true},{""subjectType"":""POLICY"",""required"":true},{""subjectType"":""BUSINESS"",""required"":true},{""subjectType"":""QUALIFIER"",""required"":true},{""subjectType"":""BUSINESS"",""required"":true},{""subjectType"":""QUALIFIER"",""required"":true},{""subjectType"":""PERSON"",""required"":true},{""subjectType"":""BUSINESS"",""required"":true},{""subjectType"":""PERSON"",""required"":true},{""subjectType"":""BUSINESS"",""required"":true},{""subjectType"":""SITE"",""required"":true}]","CAPABILITY_BLOCKED","BLOCKED","COUNTRY_SCAFFOLD_ONLY,AI_RESEARCHED_UNVERIFIED,LOCAL_COUNSEL_NOT_REVIEWED,CONNECTOR_NOT_AUTHORIZED,PRODUCT_RELEASE_PENDING","AI_RESEARCHED_UNVERIFIED","NOT_REVIEWED","NOT_IMPLEMENTED_OR_NOT_AUTHORIZED","SELF_ASSERTED","PENDING","BLOCKED_PENDING_GATES"
"US-CA-LOS_ANGELES:electrical:smart-home-electrical","2","electrical","16","smart-home-electrical","electrical/smart-home-electrical","CRITICAL","US-EPA-RRP: 1978 öncesi konut/child-occupied facility’de ücretli renovation ile boyalı yüzey bozma; federal eşik ve istisnalar uygulanır | US-CA-ALARM: Güvenlik alarmını satma, kurma, izleme, servis veya yanıt","[{""key"":""GLOBAL-EVIDENCE-CHAIN"",""trigger"":""Her zorunlu credential""},{""key"":""GLOBAL-IDENTITY-ENTITY"",""trigger"":""Her sağlayıcı""},{""key"":""GLOBAL-LOCAL-LAW-TEXT"",""trigger"":""Her rule-pack ve kullanıcı metni""},{""key"":""US-CA-C10"",""trigger"":""Elektrik tesisatı/onarımı""},{""key"":""US-CA-CONTRACTOR-CLASS"",""trigger"":""İş permit gerektiriyorsa, çalışan kullanılıyorsa veya labor+materials toplamı $1.000+ ise; platformda contractor olarak reklam minor exemption’ı kaldırabilir""},{""key"":""US-CA-LA-BASE"",""trigger"":""Los Angeles’ta her ticari sağlayıcı""}]","[{""key"":""US-CA-ALARM"",""trigger"":""Güvenlik alarmını satma, kurma, izleme, servis veya yanıt"",""condition"":""US-EPA-RRP: 1978 öncesi konut/child-occupied facility’de ücretli renovation ile boyalı yüzey bozma; federal eşik ve istisnalar uygulanır | US-CA-ALARM: Güvenlik alarmını satma, kurma, izleme, servis veya yanıt""},{""key"":""US-EPA-RRP"",""trigger"":""1978 öncesi konut/child-occupied facility’de ücretli renovation ile boyalı yüzey bozma; federal eşik ve istisnalar uygulanır"",""condition"":""US-EPA-RRP: 1978 öncesi konut/child-occupied facility’de ücretli renovation ile boyalı yüzey bozma; federal eşik ve istisnalar uygulanır | US-CA-ALARM: Güvenlik alarmını satma, kurma, izleme, servis veya yanıt""}]","[{""subjectType"":""PERSON"",""required"":true},{""subjectType"":""BUSINESS"",""required"":true},{""subjectType"":""VEHICLE"",""required"":true},{""subjectType"":""SITE"",""required"":true},{""subjectType"":""OPERATOR"",""required"":true},{""subjectType"":""PERSON"",""required"":true},{""subjectType"":""BUSINESS"",""required"":true},{""subjectType"":""POLICY"",""required"":true},{""subjectType"":""PERSON"",""required"":true},{""subjectType"":""BUSINESS"",""required"":true},{""subjectType"":""BUSINESS"",""required"":true},{""subjectType"":""QUALIFIER"",""required"":true},{""subjectType"":""BUSINESS"",""required"":true},{""subjectType"":""QUALIFIER"",""required"":true},{""subjectType"":""PERSON"",""required"":true},{""subjectType"":""BUSINESS"",""required"":true},{""subjectType"":""PERSON"",""required"":true},{""subjectType"":""BUSINESS"",""required"":true},{""subjectType"":""SITE"",""required"":true}]","CAPABILITY_BLOCKED","BLOCKED","COUNTRY_SCAFFOLD_ONLY,AI_RESEARCHED_UNVERIFIED,LOCAL_COUNSEL_NOT_REVIEWED,CONNECTOR_NOT_AUTHORIZED,PRODUCT_RELEASE_PENDING","AI_RESEARCHED_UNVERIFIED","NOT_REVIEWED","NOT_IMPLEMENTED_OR_NOT_AUTHORIZED","SELF_ASSERTED","PENDING","BLOCKED_PENDING_GATES"
"US-CA-LOS_ANGELES:cleaning:home-cleaning","3","cleaning","4","home-cleaning","cleaning/home-cleaning","CRITICAL","US-CA-ASBESTOS: Asbestos >0.1% ve düzenlenen alan/iş eşiği veya diğer asbestos trigger | US-EPA-RRP: 1978 öncesi konut/child-occupied facility’de ücretli renovation ile boyalı yüzey bozma; federal eşik ve istisnalar uygulanır | US-CA-GARDEN: Peyzaj, sulama, budama veya profesyonel pestisit uygulaması","[{""key"":""GLOBAL-EVIDENCE-CHAIN"",""trigger"":""Her zorunlu credential""},{""key"":""GLOBAL-IDENTITY-ENTITY"",""trigger"":""Her sağlayıcı""},{""key"":""GLOBAL-LOCAL-LAW-TEXT"",""trigger"":""Her rule-pack ve kullanıcı metni""},{""key"":""US-CA-CLEAN-ORDINARY"",""trigger"":""Yalnız standart ev/ofis/taşınma temizliği; biyosidal, asbestos, tehlikeli atık ve dış cephe hariç""},{""key"":""US-CA-LA-BASE"",""trigger"":""Los Angeles’ta her ticari sağlayıcı""}]","[{""key"":""US-CA-ASBESTOS"",""trigger"":""Asbestos >0.1% ve düzenlenen alan/iş eşiği veya diğer asbestos trigger"",""condition"":""US-CA-ASBESTOS: Asbestos >0.1% ve düzenlenen alan/iş eşiği veya diğer asbestos trigger | US-EPA-RRP: 1978 öncesi konut/child-occupied facility’de ücretli renovation ile boyalı yüzey bozma; federal eşik ve istisnalar uygulanır | US-CA-GARDEN: Peyzaj, sulama, budama veya profesyonel pestisit uygulaması""},{""key"":""US-CA-GARDEN"",""trigger"":""Peyzaj, sulama, budama veya profesyonel pestisit uygulaması"",""condition"":""US-CA-ASBESTOS: Asbestos >0.1% ve düzenlenen alan/iş eşiği veya diğer asbestos trigger | US-EPA-RRP: 1978 öncesi konut/child-occupied facility’de ücretli renovation ile boyalı yüzey bozma; federal eşik ve istisnalar uygulanır | US-CA-GARDEN: Peyzaj, sulama, budama veya profesyonel pestisit uygulaması""},{""key"":""US-EPA-RRP"",""trigger"":""1978 öncesi konut/child-occupied facility’de ücretli renovation ile boyalı yüzey bozma; federal eşik ve istisnalar uygulanır"",""condition"":""US-CA-ASBESTOS: Asbestos >0.1% ve düzenlenen alan/iş eşiği veya diğer asbestos trigger | US-EPA-RRP: 1978 öncesi konut/child-occupied facility’de ücretli renovation ile boyalı yüzey bozma; federal eşik ve istisnalar uygulanır | US-CA-GARDEN: Peyzaj, sulama, budama veya profesyonel pestisit uygulaması""}]","[{""subjectType"":""PERSON"",""required"":true},{""subjectType"":""BUSINESS"",""required"":true},{""subjectType"":""VEHICLE"",""required"":true},{""subjectType"":""SITE"",""required"":true},{""subjectType"":""OPERATOR"",""required"":true},{""subjectType"":""PERSON"",""required"":true},{""subjectType"":""BUSINESS"",""required"":true},{""subjectType"":""POLICY"",""required"":true},{""subjectType"":""PERSON"",""required"":true},{""subjectType"":""BUSINESS"",""required"":true},{""subjectType"":""SITE"",""required"":true},{""subjectType"":""BUSINESS"",""required"":true},{""subjectType"":""PERSON"",""required"":true},{""subjectType"":""BUSINESS"",""required"":true},{""subjectType"":""QUALIFIER"",""required"":true},{""subjectType"":""PERSON"",""required"":true},{""subjectType"":""BUSINESS"",""required"":true},{""subjectType"":""PERSON"",""required"":true},{""subjectType"":""BUSINESS"",""required"":true},{""subjectType"":""SITE"",""required"":true}]","CAPABILITY_BLOCKED","BLOCKED","COUNTRY_SCAFFOLD_ONLY,AI_RESEARCHED_UNVERIFIED,LOCAL_COUNSEL_NOT_REVIEWED,CONNECTOR_NOT_AUTHORIZED,PRODUCT_RELEASE_PENDING","AI_RESEARCHED_UNVERIFIED","NOT_REVIEWED","NOT_IMPLEMENTED_OR_NOT_AUTHORIZED","SELF_ASSERTED","PENDING","BLOCKED_PENDING_GATES"
"US-CA-LOS_ANGELES:cleaning:move-cleaning","3","cleaning","17","move-cleaning","cleaning/move-cleaning","CRITICAL","US-CA-ASBESTOS: Asbestos >0.1% ve düzenlenen alan/iş eşiği veya diğer asbestos trigger | US-EPA-RRP: 1978 öncesi konut/child-occupied facility’de ücretli renovation ile boyalı yüzey bozma; federal eşik ve istisnalar uygulanır | US-CA-GARDEN: Peyzaj, sulama, budama veya profesyonel pestisit uygulaması","[{""key"":""GLOBAL-EVIDENCE-CHAIN"",""trigger"":""Her zorunlu credential""},{""key"":""GLOBAL-IDENTITY-ENTITY"",""trigger"":""Her sağlayıcı""},{""key"":""GLOBAL-LOCAL-LAW-TEXT"",""trigger"":""Her rule-pack ve kullanıcı metni""},{""key"":""US-CA-CLEAN-ORDINARY"",""trigger"":""Yalnız standart ev/ofis/taşınma temizliği; biyosidal, asbestos, tehlikeli atık ve dış cephe hariç""},{""key"":""US-CA-LA-BASE"",""trigger"":""Los Angeles’ta her ticari sağlayıcı""}]","[{""key"":""US-CA-ASBESTOS"",""trigger"":""Asbestos >0.1% ve düzenlenen alan/iş eşiği veya diğer asbestos trigger"",""condition"":""US-CA-ASBESTOS: Asbestos >0.1% ve düzenlenen alan/iş eşiği veya diğer asbestos trigger | US-EPA-RRP: 1978 öncesi konut/child-occupied facility’de ücretli renovation ile boyalı yüzey bozma; federal eşik ve istisnalar uygulanır | US-CA-GARDEN: Peyzaj, sulama, budama veya profesyonel pestisit uygulaması""},{""key"":""US-CA-GARDEN"",""trigger"":""Peyzaj, sulama, budama veya profesyonel pestisit uygulaması"",""condition"":""US-CA-ASBESTOS: Asbestos >0.1% ve düzenlenen alan/iş eşiği veya diğer asbestos trigger | US-EPA-RRP: 1978 öncesi konut/child-occupied facility’de ücretli renovation ile boyalı yüzey bozma; federal eşik ve istisnalar uygulanır | US-CA-GARDEN: Peyzaj, sulama, budama veya profesyonel pestisit uygulaması""},{""key"":""US-EPA-RRP"",""trigger"":""1978 öncesi konut/child-occupied facility’de ücretli renovation ile boyalı yüzey bozma; federal eşik ve istisnalar uygulanır"",""condition"":""US-CA-ASBESTOS: Asbestos >0.1% ve düzenlenen alan/iş eşiği veya diğer asbestos trigger | US-EPA-RRP: 1978 öncesi konut/child-occupied facility’de ücretli renovation ile boyalı yüzey bozma; federal eşik ve istisnalar uygulanır | US-CA-GARDEN: Peyzaj, sulama, budama veya profesyonel pestisit uygulaması""}]","[{""subjectType"":""PERSON"",""required"":true},{""subjectType"":""BUSINESS"",""required"":true},{""subjectType"":""VEHICLE"",""required"":true},{""subjectType"":""SITE"",""required"":true},{""subjectType"":""OPERATOR"",""required"":true},{""subjectType"":""PERSON"",""required"":true},{""subjectType"":""BUSINESS"",""required"":true},{""subjectType"":""POLICY"",""required"":true},{""subjectType"":""PERSON"",""required"":true},{""subjectType"":""BUSINESS"",""required"":true},{""subjectType"":""SITE"",""required"":true},{""subjectType"":""BUSINESS"",""required"":true},{""subjectType"":""PERSON"",""required"":true},{""subjectType"":""BUSINESS"",""required"":true},{""subjectType"":""QUALIFIER"",""required"":true},{""subjectType"":""PERSON"",""required"":true},{""subjectType"":""BUSINESS"",""required"":true},{""subjectType"":""PERSON"",""required"":true},{""subjectType"":""BUSINESS"",""required"":true},{""subjectType"":""SITE"",""required"":true}]","CAPABILITY_BLOCKED","BLOCKED","COUNTRY_SCAFFOLD_ONLY,AI_RESEARCHED_UNVERIFIED,LOCAL_COUNSEL_NOT_REVIEWED,CONNECTOR_NOT_AUTHORIZED,PRODUCT_RELEASE_PENDING","AI_RESEARCHED_UNVERIFIED","NOT_REVIEWED","NOT_IMPLEMENTED_OR_NOT_AUTHORIZED","SELF_ASSERTED","PENDING","BLOCKED_PENDING_GATES"
"US-CA-LOS_ANGELES:cleaning:office-cleaning","3","cleaning","29","office-cleaning","cleaning/office-cleaning","CRITICAL","US-CA-ASBESTOS: Asbestos >0.1% ve düzenlenen alan/iş eşiği veya diğer asbestos trigger | US-EPA-RRP: 1978 öncesi konut/child-occupied facility’de ücretli renovation ile boyalı yüzey bozma; federal eşik ve istisnalar uygulanır | US-CA-GARDEN: Peyzaj, sulama, budama veya profesyonel pestisit uygulaması","[{""key"":""GLOBAL-EVIDENCE-CHAIN"",""trigger"":""Her zorunlu credential""},{""key"":""GLOBAL-IDENTITY-ENTITY"",""trigger"":""Her sağlayıcı""},{""key"":""GLOBAL-LOCAL-LAW-TEXT"",""trigger"":""Her rule-pack ve kullanıcı metni""},{""key"":""US-CA-CLEAN-ORDINARY"",""trigger"":""Yalnız standart ev/ofis/taşınma temizliği; biyosidal, asbestos, tehlikeli atık ve dış cephe hariç""},{""key"":""US-CA-LA-BASE"",""trigger"":""Los Angeles’ta her ticari sağlayıcı""}]","[{""key"":""US-CA-ASBESTOS"",""trigger"":""Asbestos >0.1% ve düzenlenen alan/iş eşiği veya diğer asbestos trigger"",""condition"":""US-CA-ASBESTOS: Asbestos >0.1% ve düzenlenen alan/iş eşiği veya diğer asbestos trigger | US-EPA-RRP: 1978 öncesi konut/child-occupied facility’de ücretli renovation ile boyalı yüzey bozma; federal eşik ve istisnalar uygulanır | US-CA-GARDEN: Peyzaj, sulama, budama veya profesyonel pestisit uygulaması""},{""key"":""US-CA-GARDEN"",""trigger"":""Peyzaj, sulama, budama veya profesyonel pestisit uygulaması"",""condition"":""US-CA-ASBESTOS: Asbestos >0.1% ve düzenlenen alan/iş eşiği veya diğer asbestos trigger | US-EPA-RRP: 1978 öncesi konut/child-occupied facility’de ücretli renovation ile boyalı yüzey bozma; federal eşik ve istisnalar uygulanır | US-CA-GARDEN: Peyzaj, sulama, budama veya profesyonel pestisit uygulaması""},{""key"":""US-EPA-RRP"",""trigger"":""1978 öncesi konut/child-occupied facility’de ücretli renovation ile boyalı yüzey bozma; federal eşik ve istisnalar uygulanır"",""condition"":""US-CA-ASBESTOS: Asbestos >0.1% ve düzenlenen alan/iş eşiği veya diğer asbestos trigger | US-EPA-RRP: 1978 öncesi konut/child-occupied facility’de ücretli renovation ile boyalı yüzey bozma; federal eşik ve istisnalar uygulanır | US-CA-GARDEN: Peyzaj, sulama, budama veya profesyonel pestisit uygulaması""}]","[{""subjectType"":""PERSON"",""required"":true},{""subjectType"":""BUSINESS"",""required"":true},{""subjectType"":""VEHICLE"",""required"":true},{""subjectType"":""SITE"",""required"":true},{""subjectType"":""OPERATOR"",""required"":true},{""subjectType"":""PERSON"",""required"":true},{""subjectType"":""BUSINESS"",""required"":true},{""subjectType"":""POLICY"",""required"":true},{""subjectType"":""PERSON"",""required"":true},{""subjectType"":""BUSINESS"",""required"":true},{""subjectType"":""SITE"",""required"":true},{""subjectType"":""BUSINESS"",""required"":true},{""subjectType"":""PERSON"",""required"":true},{""subjectType"":""BUSINESS"",""required"":true},{""subjectType"":""QUALIFIER"",""required"":true},{""subjectType"":""PERSON"",""required"":true},{""subjectType"":""BUSINESS"",""required"":true},{""subjectType"":""PERSON"",""required"":true},{""subjectType"":""BUSINESS"",""required"":true},{""subjectType"":""SITE"",""required"":true}]","CAPABILITY_BLOCKED","BLOCKED","COUNTRY_SCAFFOLD_ONLY,AI_RESEARCHED_UNVERIFIED,LOCAL_COUNSEL_NOT_REVIEWED,CONNECTOR_NOT_AUTHORIZED,PRODUCT_RELEASE_PENDING","AI_RESEARCHED_UNVERIFIED","NOT_REVIEWED","NOT_IMPLEMENTED_OR_NOT_AUTHORIZED","SELF_ASSERTED","PENDING","BLOCKED_PENDING_GATES"
"US-CA-LOS_ANGELES:cleaning:deep-cleaning","3","cleaning","41","deep-cleaning","cleaning/deep-cleaning","CRITICAL","US-CA-ASBESTOS: Asbestos >0.1% ve düzenlenen alan/iş eşiği veya diğer asbestos trigger | US-EPA-RRP: 1978 öncesi konut/child-occupied facility’de ücretli renovation ile boyalı yüzey bozma; federal eşik ve istisnalar uygulanır | US-CA-GARDEN: Peyzaj, sulama, budama veya profesyonel pestisit uygulaması","[{""key"":""GLOBAL-EVIDENCE-CHAIN"",""trigger"":""Her zorunlu credential""},{""key"":""GLOBAL-IDENTITY-ENTITY"",""trigger"":""Her sağlayıcı""},{""key"":""GLOBAL-LOCAL-LAW-TEXT"",""trigger"":""Her rule-pack ve kullanıcı metni""},{""key"":""US-CA-CLEAN-ORDINARY"",""trigger"":""Yalnız standart ev/ofis/taşınma temizliği; biyosidal, asbestos, tehlikeli atık ve dış cephe hariç""},{""key"":""US-CA-LA-BASE"",""trigger"":""Los Angeles’ta her ticari sağlayıcı""}]","[{""key"":""US-CA-ASBESTOS"",""trigger"":""Asbestos >0.1% ve düzenlenen alan/iş eşiği veya diğer asbestos trigger"",""condition"":""US-CA-ASBESTOS: Asbestos >0.1% ve düzenlenen alan/iş eşiği veya diğer asbestos trigger | US-EPA-RRP: 1978 öncesi konut/child-occupied facility’de ücretli renovation ile boyalı yüzey bozma; federal eşik ve istisnalar uygulanır | US-CA-GARDEN: Peyzaj, sulama, budama veya profesyonel pestisit uygulaması""},{""key"":""US-CA-GARDEN"",""trigger"":""Peyzaj, sulama, budama veya profesyonel pestisit uygulaması"",""condition"":""US-CA-ASBESTOS: Asbestos >0.1% ve düzenlenen alan/iş eşiği veya diğer asbestos trigger | US-EPA-RRP: 1978 öncesi konut/child-occupied facility’de ücretli renovation ile boyalı yüzey bozma; federal eşik ve istisnalar uygulanır | US-CA-GARDEN: Peyzaj, sulama, budama veya profesyonel pestisit uygulaması""},{""key"":""US-EPA-RRP"",""trigger"":""1978 öncesi konut/child-occupied facility’de ücretli renovation ile boyalı yüzey bozma; federal eşik ve istisnalar uygulanır"",""condition"":""US-CA-ASBESTOS: Asbestos >0.1% ve düzenlenen alan/iş eşiği veya diğer asbestos trigger | US-EPA-RRP: 1978 öncesi konut/child-occupied facility’de ücretli renovation ile boyalı yüzey bozma; federal eşik ve istisnalar uygulanır | US-CA-GARDEN: Peyzaj, sulama, budama veya profesyonel pestisit uygulaması""}]","[{""subjectType"":""PERSON"",""required"":true},{""subjectType"":""BUSINESS"",""required"":true},{""subjectType"":""VEHICLE"",""required"":true},{""subjectType"":""SITE"",""required"":true},{""subjectType"":""OPERATOR"",""required"":true},{""subjectType"":""PERSON"",""required"":true},{""subjectType"":""BUSINESS"",""required"":true},{""subjectType"":""POLICY"",""required"":true},{""subjectType"":""PERSON"",""required"":true},{""subjectType"":""BUSINESS"",""required"":true},{""subjectType"":""SITE"",""required"":true},{""subjectType"":""BUSINESS"",""required"":true},{""subjectType"":""PERSON"",""required"":true},{""subjectType"":""BUSINESS"",""required"":true},{""subjectType"":""QUALIFIER"",""required"":true},{""subjectType"":""PERSON"",""required"":true},{""subjectType"":""BUSINESS"",""required"":true},{""subjectType"":""PERSON"",""required"":true},{""subjectType"":""BUSINESS"",""required"":true},{""subjectType"":""SITE"",""required"":true}]","CAPABILITY_BLOCKED","BLOCKED","COUNTRY_SCAFFOLD_ONLY,AI_RESEARCHED_UNVERIFIED,LOCAL_COUNSEL_NOT_REVIEWED,CONNECTOR_NOT_AUTHORIZED,PRODUCT_RELEASE_PENDING","AI_RESEARCHED_UNVERIFIED","NOT_REVIEWED","NOT_IMPLEMENTED_OR_NOT_AUTHORIZED","SELF_ASSERTED","PENDING","BLOCKED_PENDING_GATES"
"US-CA-LOS_ANGELES:hvac:ac-installation","4","hvac","5","ac-installation","hvac/ac-installation","CRITICAL","US-EPA-608: Soğutucu devreyi açma, dolum, geri kazanım, servis veya disposal | US-EPA-RRP: 1978 öncesi konut/child-occupied facility’de ücretli renovation ile boyalı yüzey bozma; federal eşik ve istisnalar uygulanır | US-CA-C36: Plumbing işinde contractor tetikleri veya platform ilanı | US-CA-C10: Elektrik tesisatı/onarımı","[{""key"":""GLOBAL-EVIDENCE-CHAIN"",""trigger"":""Her zorunlu credential""},{""key"":""GLOBAL-IDENTITY-ENTITY"",""trigger"":""Her sağlayıcı""},{""key"":""GLOBAL-LOCAL-LAW-TEXT"",""trigger"":""Her rule-pack ve kullanıcı metni""},{""key"":""US-CA-C20-C38"",""trigger"":""Klima, ısıtma veya refrigeration işi""},{""key"":""US-CA-CONTRACTOR-CLASS"",""trigger"":""İş permit gerektiriyorsa, çalışan kullanılıyorsa veya labor+materials toplamı $1.000+ ise; platformda contractor olarak reklam minor exemption’ı kaldırabilir""},{""key"":""US-CA-LA-BASE"",""trigger"":""Los Angeles’ta her ticari sağlayıcı""}]","[{""key"":""US-CA-C10"",""trigger"":""Elektrik tesisatı/onarımı"",""condition"":""US-EPA-608: Soğutucu devreyi açma, dolum, geri kazanım, servis veya disposal | US-EPA-RRP: 1978 öncesi konut/child-occupied facility’de ücretli renovation ile boyalı yüzey bozma; federal eşik ve istisnalar uygulanır | US-CA-C36: Plumbing işinde contractor tetikleri veya platform ilanı | US-CA-C10: Elektrik tesisatı/onarımı""},{""key"":""US-CA-C36"",""trigger"":""Plumbing işinde contractor tetikleri veya platform ilanı"",""condition"":""US-EPA-608: Soğutucu devreyi açma, dolum, geri kazanım, servis veya disposal | US-EPA-RRP: 1978 öncesi konut/child-occupied facility’de ücretli renovation ile boyalı yüzey bozma; federal eşik ve istisnalar uygulanır | US-CA-C36: Plumbing işinde contractor tetikleri veya platform ilanı | US-CA-C10: Elektrik tesisatı/onarımı""},{""key"":""US-EPA-608"",""trigger"":""Soğutucu devreyi açma, dolum, geri kazanım, servis veya disposal"",""condition"":""US-EPA-608: Soğutucu devreyi açma, dolum, geri kazanım, servis veya disposal | US-EPA-RRP: 1978 öncesi konut/child-occupied facility’de ücretli renovation ile boyalı yüzey bozma; federal eşik ve istisnalar uygulanır | US-CA-C36: Plumbing işinde contractor tetikleri veya platform ilanı | US-CA-C10: Elektrik tesisatı/onarımı""},{""key"":""US-EPA-RRP"",""trigger"":""1978 öncesi konut/child-occupied facility’de ücretli renovation ile boyalı yüzey bozma; federal eşik ve istisnalar uygulanır"",""condition"":""US-EPA-608: Soğutucu devreyi açma, dolum, geri kazanım, servis veya disposal | US-EPA-RRP: 1978 öncesi konut/child-occupied facility’de ücretli renovation ile boyalı yüzey bozma; federal eşik ve istisnalar uygulanır | US-CA-C36: Plumbing işinde contractor tetikleri veya platform ilanı | US-CA-C10: Elektrik tesisatı/onarımı""}]","[{""subjectType"":""PERSON"",""required"":true},{""subjectType"":""BUSINESS"",""required"":true},{""subjectType"":""VEHICLE"",""required"":true},{""subjectType"":""SITE"",""required"":true},{""subjectType"":""OPERATOR"",""required"":true},{""subjectType"":""PERSON"",""required"":true},{""subjectType"":""BUSINESS"",""required"":true},{""subjectType"":""POLICY"",""required"":true},{""subjectType"":""BUSINESS"",""required"":true},{""subjectType"":""QUALIFIER"",""required"":true},{""subjectType"":""BUSINESS"",""required"":true},{""subjectType"":""QUALIFIER"",""required"":true},{""subjectType"":""BUSINESS"",""required"":true},{""subjectType"":""QUALIFIER"",""required"":true},{""subjectType"":""BUSINESS"",""required"":true},{""subjectType"":""QUALIFIER"",""required"":true},{""subjectType"":""PERSON"",""required"":true},{""subjectType"":""BUSINESS"",""required"":true},{""subjectType"":""PERSON"",""required"":true},{""subjectType"":""PERSON"",""required"":true},{""subjectType"":""BUSINESS"",""required"":true},{""subjectType"":""SITE"",""required"":true}]","CAPABILITY_BLOCKED","BLOCKED","COUNTRY_SCAFFOLD_ONLY,AI_RESEARCHED_UNVERIFIED,LOCAL_COUNSEL_NOT_REVIEWED,CONNECTOR_NOT_AUTHORIZED,PRODUCT_RELEASE_PENDING","AI_RESEARCHED_UNVERIFIED","NOT_REVIEWED","NOT_IMPLEMENTED_OR_NOT_AUTHORIZED","SELF_ASSERTED","PENDING","BLOCKED_PENDING_GATES"
"US-CA-LOS_ANGELES:hvac:radiator-heating","4","hvac","18","radiator-heating","hvac/radiator-heating","CRITICAL","US-EPA-608: Soğutucu devreyi açma, dolum, geri kazanım, servis veya disposal | US-EPA-RRP: 1978 öncesi konut/child-occupied facility’de ücretli renovation ile boyalı yüzey bozma; federal eşik ve istisnalar uygulanır | US-CA-C36: Plumbing işinde contractor tetikleri veya platform ilanı | US-CA-C10: Elektrik tesisatı/onarımı","[{""key"":""GLOBAL-EVIDENCE-CHAIN"",""trigger"":""Her zorunlu credential""},{""key"":""GLOBAL-IDENTITY-ENTITY"",""trigger"":""Her sağlayıcı""},{""key"":""GLOBAL-LOCAL-LAW-TEXT"",""trigger"":""Her rule-pack ve kullanıcı metni""},{""key"":""US-CA-C20-C38"",""trigger"":""Klima, ısıtma veya refrigeration işi""},{""key"":""US-CA-CONTRACTOR-CLASS"",""trigger"":""İş permit gerektiriyorsa, çalışan kullanılıyorsa veya labor+materials toplamı $1.000+ ise; platformda contractor olarak reklam minor exemption’ı kaldırabilir""},{""key"":""US-CA-LA-BASE"",""trigger"":""Los Angeles’ta her ticari sağlayıcı""}]","[{""key"":""US-CA-C10"",""trigger"":""Elektrik tesisatı/onarımı"",""condition"":""US-EPA-608: Soğutucu devreyi açma, dolum, geri kazanım, servis veya disposal | US-EPA-RRP: 1978 öncesi konut/child-occupied facility’de ücretli renovation ile boyalı yüzey bozma; federal eşik ve istisnalar uygulanır | US-CA-C36: Plumbing işinde contractor tetikleri veya platform ilanı | US-CA-C10: Elektrik tesisatı/onarımı""},{""key"":""US-CA-C36"",""trigger"":""Plumbing işinde contractor tetikleri veya platform ilanı"",""condition"":""US-EPA-608: Soğutucu devreyi açma, dolum, geri kazanım, servis veya disposal | US-EPA-RRP: 1978 öncesi konut/child-occupied facility’de ücretli renovation ile boyalı yüzey bozma; federal eşik ve istisnalar uygulanır | US-CA-C36: Plumbing işinde contractor tetikleri veya platform ilanı | US-CA-C10: Elektrik tesisatı/onarımı""},{""key"":""US-EPA-608"",""trigger"":""Soğutucu devreyi açma, dolum, geri kazanım, servis veya disposal"",""condition"":""US-EPA-608: Soğutucu devreyi açma, dolum, geri kazanım, servis veya disposal | US-EPA-RRP: 1978 öncesi konut/child-occupied facility’de ücretli renovation ile boyalı yüzey bozma; federal eşik ve istisnalar uygulanır | US-CA-C36: Plumbing işinde contractor tetikleri veya platform ilanı | US-CA-C10: Elektrik tesisatı/onarımı""},{""key"":""US-EPA-RRP"",""trigger"":""1978 öncesi konut/child-occupied facility’de ücretli renovation ile boyalı yüzey bozma; federal eşik ve istisnalar uygulanır"",""condition"":""US-EPA-608: Soğutucu devreyi açma, dolum, geri kazanım, servis veya disposal | US-EPA-RRP: 1978 öncesi konut/child-occupied facility’de ücretli renovation ile boyalı yüzey bozma; federal eşik ve istisnalar uygulanır | US-CA-C36: Plumbing işinde contractor tetikleri veya platform ilanı | US-CA-C10: Elektrik tesisatı/onarımı""}]","[{""subjectType"":""PERSON"",""required"":true},{""subjectType"":""BUSINESS"",""required"":true},{""subjectType"":""VEHICLE"",""required"":true},{""subjectType"":""SITE"",""required"":true},{""subjectType"":""OPERATOR"",""required"":true},{""subjectType"":""PERSON"",""required"":true},{""subjectType"":""BUSINESS"",""required"":true},{""subjectType"":""POLICY"",""required"":true},{""subjectType"":""BUSINESS"",""required"":true},{""subjectType"":""QUALIFIER"",""required"":true},{""subjectType"":""BUSINESS"",""required"":true},{""subjectType"":""QUALIFIER"",""required"":true},{""subjectType"":""BUSINESS"",""required"":true},{""subjectType"":""QUALIFIER"",""required"":true},{""subjectType"":""BUSINESS"",""required"":true},{""subjectType"":""QUALIFIER"",""required"":true},{""subjectType"":""PERSON"",""required"":true},{""subjectType"":""BUSINESS"",""required"":true},{""subjectType"":""PERSON"",""required"":true},{""subjectType"":""PERSON"",""required"":true},{""subjectType"":""BUSINESS"",""required"":true},{""subjectType"":""SITE"",""required"":true}]","CAPABILITY_BLOCKED","BLOCKED","COUNTRY_SCAFFOLD_ONLY,AI_RESEARCHED_UNVERIFIED,LOCAL_COUNSEL_NOT_REVIEWED,CONNECTOR_NOT_AUTHORIZED,PRODUCT_RELEASE_PENDING","AI_RESEARCHED_UNVERIFIED","NOT_REVIEWED","NOT_IMPLEMENTED_OR_NOT_AUTHORIZED","SELF_ASSERTED","PENDING","BLOCKED_PENDING_GATES"
"US-CA-LOS_ANGELES:hvac:boiler-maintenance","4","hvac","30","boiler-maintenance","hvac/boiler-maintenance","CRITICAL","US-EPA-608: Soğutucu devreyi açma, dolum, geri kazanım, servis veya disposal | US-EPA-RRP: 1978 öncesi konut/child-occupied facility’de ücretli renovation ile boyalı yüzey bozma; federal eşik ve istisnalar uygulanır | US-CA-C36: Plumbing işinde contractor tetikleri veya platform ilanı | US-CA-C10: Elektrik tesisatı/onarımı","[{""key"":""GLOBAL-EVIDENCE-CHAIN"",""trigger"":""Her zorunlu credential""},{""key"":""GLOBAL-IDENTITY-ENTITY"",""trigger"":""Her sağlayıcı""},{""key"":""GLOBAL-LOCAL-LAW-TEXT"",""trigger"":""Her rule-pack ve kullanıcı metni""},{""key"":""US-CA-C20-C38"",""trigger"":""Klima, ısıtma veya refrigeration işi""},{""key"":""US-CA-CONTRACTOR-CLASS"",""trigger"":""İş permit gerektiriyorsa, çalışan kullanılıyorsa veya labor+materials toplamı $1.000+ ise; platformda contractor olarak reklam minor exemption’ı kaldırabilir""},{""key"":""US-CA-LA-BASE"",""trigger"":""Los Angeles’ta her ticari sağlayıcı""}]","[{""key"":""US-CA-C10"",""trigger"":""Elektrik tesisatı/onarımı"",""condition"":""US-EPA-608: Soğutucu devreyi açma, dolum, geri kazanım, servis veya disposal | US-EPA-RRP: 1978 öncesi konut/child-occupied facility’de ücretli renovation ile boyalı yüzey bozma; federal eşik ve istisnalar uygulanır | US-CA-C36: Plumbing işinde contractor tetikleri veya platform ilanı | US-CA-C10: Elektrik tesisatı/onarımı""},{""key"":""US-CA-C36"",""trigger"":""Plumbing işinde contractor tetikleri veya platform ilanı"",""condition"":""US-EPA-608: Soğutucu devreyi açma, dolum, geri kazanım, servis veya disposal | US-EPA-RRP: 1978 öncesi konut/child-occupied facility’de ücretli renovation ile boyalı yüzey bozma; federal eşik ve istisnalar uygulanır | US-CA-C36: Plumbing işinde contractor tetikleri veya platform ilanı | US-CA-C10: Elektrik tesisatı/onarımı""},{""key"":""US-EPA-608"",""trigger"":""Soğutucu devreyi açma, dolum, geri kazanım, servis veya disposal"",""condition"":""US-EPA-608: Soğutucu devreyi açma, dolum, geri kazanım, servis veya disposal | US-EPA-RRP: 1978 öncesi konut/child-occupied facility’de ücretli renovation ile boyalı yüzey bozma; federal eşik ve istisnalar uygulanır | US-CA-C36: Plumbing işinde contractor tetikleri veya platform ilanı | US-CA-C10: Elektrik tesisatı/onarımı""},{""key"":""US-EPA-RRP"",""trigger"":""1978 öncesi konut/child-occupied facility’de ücretli renovation ile boyalı yüzey bozma; federal eşik ve istisnalar uygulanır"",""condition"":""US-EPA-608: Soğutucu devreyi açma, dolum, geri kazanım, servis veya disposal | US-EPA-RRP: 1978 öncesi konut/child-occupied facility’de ücretli renovation ile boyalı yüzey bozma; federal eşik ve istisnalar uygulanır | US-CA-C36: Plumbing işinde contractor tetikleri veya platform ilanı | US-CA-C10: Elektrik tesisatı/onarımı""}]","[{""subjectType"":""PERSON"",""required"":true},{""subjectType"":""BUSINESS"",""required"":true},{""subjectType"":""VEHICLE"",""required"":true},{""subjectType"":""SITE"",""required"":true},{""subjectType"":""OPERATOR"",""required"":true},{""subjectType"":""PERSON"",""required"":true},{""subjectType"":""BUSINESS"",""required"":true},{""subjectType"":""POLICY"",""required"":true},{""subjectType"":""BUSINESS"",""required"":true},{""subjectType"":""QUALIFIER"",""required"":true},{""subjectType"":""BUSINESS"",""required"":true},{""subjectType"":""QUALIFIER"",""required"":true},{""subjectType"":""BUSINESS"",""required"":true},{""subjectType"":""QUALIFIER"",""required"":true},{""subjectType"":""BUSINESS"",""required"":true},{""subjectType"":""QUALIFIER"",""required"":true},{""subjectType"":""PERSON"",""required"":true},{""subjectType"":""BUSINESS"",""required"":true},{""subjectType"":""PERSON"",""required"":true},{""subjectType"":""PERSON"",""required"":true},{""subjectType"":""BUSINESS"",""required"":true},{""subjectType"":""SITE"",""required"":true}]","CAPABILITY_BLOCKED","BLOCKED","COUNTRY_SCAFFOLD_ONLY,AI_RESEARCHED_UNVERIFIED,LOCAL_COUNSEL_NOT_REVIEWED,CONNECTOR_NOT_AUTHORIZED,PRODUCT_RELEASE_PENDING","AI_RESEARCHED_UNVERIFIED","NOT_REVIEWED","NOT_IMPLEMENTED_OR_NOT_AUTHORIZED","SELF_ASSERTED","PENDING","BLOCKED_PENDING_GATES"
"US-CA-LOS_ANGELES:hvac:ac-maintenance","4","hvac","53","ac-maintenance","hvac/ac-maintenance","CRITICAL","US-EPA-608: Soğutucu devreyi açma, dolum, geri kazanım, servis veya disposal | US-EPA-RRP: 1978 öncesi konut/child-occupied facility’de ücretli renovation ile boyalı yüzey bozma; federal eşik ve istisnalar uygulanır | US-CA-C36: Plumbing işinde contractor tetikleri veya platform ilanı | US-CA-C10: Elektrik tesisatı/onarımı","[{""key"":""GLOBAL-EVIDENCE-CHAIN"",""trigger"":""Her zorunlu credential""},{""key"":""GLOBAL-IDENTITY-ENTITY"",""trigger"":""Her sağlayıcı""},{""key"":""GLOBAL-LOCAL-LAW-TEXT"",""trigger"":""Her rule-pack ve kullanıcı metni""},{""key"":""US-CA-C20-C38"",""trigger"":""Klima, ısıtma veya refrigeration işi""},{""key"":""US-CA-CONTRACTOR-CLASS"",""trigger"":""İş permit gerektiriyorsa, çalışan kullanılıyorsa veya labor+materials toplamı $1.000+ ise; platformda contractor olarak reklam minor exemption’ı kaldırabilir""},{""key"":""US-CA-LA-BASE"",""trigger"":""Los Angeles’ta her ticari sağlayıcı""}]","[{""key"":""US-CA-C10"",""trigger"":""Elektrik tesisatı/onarımı"",""condition"":""US-EPA-608: Soğutucu devreyi açma, dolum, geri kazanım, servis veya disposal | US-EPA-RRP: 1978 öncesi konut/child-occupied facility’de ücretli renovation ile boyalı yüzey bozma; federal eşik ve istisnalar uygulanır | US-CA-C36: Plumbing işinde contractor tetikleri veya platform ilanı | US-CA-C10: Elektrik tesisatı/onarımı""},{""key"":""US-CA-C36"",""trigger"":""Plumbing işinde contractor tetikleri veya platform ilanı"",""condition"":""US-EPA-608: Soğutucu devreyi açma, dolum, geri kazanım, servis veya disposal | US-EPA-RRP: 1978 öncesi konut/child-occupied facility’de ücretli renovation ile boyalı yüzey bozma; federal eşik ve istisnalar uygulanır | US-CA-C36: Plumbing işinde contractor tetikleri veya platform ilanı | US-CA-C10: Elektrik tesisatı/onarımı""},{""key"":""US-EPA-608"",""trigger"":""Soğutucu devreyi açma, dolum, geri kazanım, servis veya disposal"",""condition"":""US-EPA-608: Soğutucu devreyi açma, dolum, geri kazanım, servis veya disposal | US-EPA-RRP: 1978 öncesi konut/child-occupied facility’de ücretli renovation ile boyalı yüzey bozma; federal eşik ve istisnalar uygulanır | US-CA-C36: Plumbing işinde contractor tetikleri veya platform ilanı | US-CA-C10: Elektrik tesisatı/onarımı""},{""key"":""US-EPA-RRP"",""trigger"":""1978 öncesi konut/child-occupied facility’de ücretli renovation ile boyalı yüzey bozma; federal eşik ve istisnalar uygulanır"",""condition"":""US-EPA-608: Soğutucu devreyi açma, dolum, geri kazanım, servis veya disposal | US-EPA-RRP: 1978 öncesi konut/child-occupied facility’de ücretli renovation ile boyalı yüzey bozma; federal eşik ve istisnalar uygulanır | US-CA-C36: Plumbing işinde contractor tetikleri veya platform ilanı | US-CA-C10: Elektrik tesisatı/onarımı""}]","[{""subjectType"":""PERSON"",""required"":true},{""subjectType"":""BUSINESS"",""required"":true},{""subjectType"":""VEHICLE"",""required"":true},{""subjectType"":""SITE"",""required"":true},{""subjectType"":""OPERATOR"",""required"":true},{""subjectType"":""PERSON"",""required"":true},{""subjectType"":""BUSINESS"",""required"":true},{""subjectType"":""POLICY"",""required"":true},{""subjectType"":""BUSINESS"",""required"":true},{""subjectType"":""QUALIFIER"",""required"":true},{""subjectType"":""BUSINESS"",""required"":true},{""subjectType"":""QUALIFIER"",""required"":true},{""subjectType"":""BUSINESS"",""required"":true},{""subjectType"":""QUALIFIER"",""required"":true},{""subjectType"":""BUSINESS"",""required"":true},{""subjectType"":""QUALIFIER"",""required"":true},{""subjectType"":""PERSON"",""required"":true},{""subjectType"":""BUSINESS"",""required"":true},{""subjectType"":""PERSON"",""required"":true},{""subjectType"":""PERSON"",""required"":true},{""subjectType"":""BUSINESS"",""required"":true},{""subjectType"":""SITE"",""required"":true}]","CAPABILITY_BLOCKED","BLOCKED","COUNTRY_SCAFFOLD_ONLY,AI_RESEARCHED_UNVERIFIED,LOCAL_COUNSEL_NOT_REVIEWED,CONNECTOR_NOT_AUTHORIZED,PRODUCT_RELEASE_PENDING","AI_RESEARCHED_UNVERIFIED","NOT_REVIEWED","NOT_IMPLEMENTED_OR_NOT_AUTHORIZED","SELF_ASSERTED","PENDING","BLOCKED_PENDING_GATES"
"US-CA-LOS_ANGELES:locksmith:lock-replacement","5","locksmith","6","lock-replacement","locksmith/lock-replacement","CRITICAL","US-CA-CONTRACTOR-CLASS: İş permit gerektiriyorsa, çalışan kullanılıyorsa veya labor+materials toplamı $1.000+ ise; platformda contractor olarak reklam minor exemption’ı kaldırabilir | US-CA-ALARM: Güvenlik alarmını satma, kurma, izleme, servis veya yanıt","[{""key"":""GLOBAL-EVIDENCE-CHAIN"",""trigger"":""Her zorunlu credential""},{""key"":""GLOBAL-IDENTITY-ENTITY"",""trigger"":""Her sağlayıcı""},{""key"":""GLOBAL-LOCAL-LAW-TEXT"",""trigger"":""Her rule-pack ve kullanıcı metni""},{""key"":""US-CA-LA-BASE"",""trigger"":""Los Angeles’ta her ticari sağlayıcı""},{""key"":""US-CA-LOCKSMITH"",""trigger"":""Kapı/araç açma veya kilit işi""}]","[{""key"":""US-CA-ALARM"",""trigger"":""Güvenlik alarmını satma, kurma, izleme, servis veya yanıt"",""condition"":""US-CA-CONTRACTOR-CLASS: İş permit gerektiriyorsa, çalışan kullanılıyorsa veya labor+materials toplamı $1.000+ ise; platformda contractor olarak reklam minor exemption’ı kaldırabilir | US-CA-ALARM: Güvenlik alarmını satma, kurma, izleme, servis veya yanıt""},{""key"":""US-CA-CONTRACTOR-CLASS"",""trigger"":""İş permit gerektiriyorsa, çalışan kullanılıyorsa veya labor+materials toplamı $1.000+ ise; platformda contractor olarak reklam minor exemption’ı kaldırabilir"",""condition"":""US-CA-CONTRACTOR-CLASS: İş permit gerektiriyorsa, çalışan kullanılıyorsa veya labor+materials toplamı $1.000+ ise; platformda contractor olarak reklam minor exemption’ı kaldırabilir | US-CA-ALARM: Güvenlik alarmını satma, kurma, izleme, servis veya yanıt""}]","[{""subjectType"":""PERSON"",""required"":true},{""subjectType"":""BUSINESS"",""required"":true},{""subjectType"":""VEHICLE"",""required"":true},{""subjectType"":""SITE"",""required"":true},{""subjectType"":""OPERATOR"",""required"":true},{""subjectType"":""PERSON"",""required"":true},{""subjectType"":""BUSINESS"",""required"":true},{""subjectType"":""POLICY"",""required"":true},{""subjectType"":""PERSON"",""required"":true},{""subjectType"":""BUSINESS"",""required"":true},{""subjectType"":""BUSINESS"",""required"":true},{""subjectType"":""QUALIFIER"",""required"":true},{""subjectType"":""PERSON"",""required"":true},{""subjectType"":""BUSINESS"",""required"":true},{""subjectType"":""PERSON"",""required"":true},{""subjectType"":""BUSINESS"",""required"":true},{""subjectType"":""CUSTOMER_AUTHORITY"",""required"":true}]","CAPABILITY_BLOCKED","BLOCKED","COUNTRY_SCAFFOLD_ONLY,AI_RESEARCHED_UNVERIFIED,LOCAL_COUNSEL_NOT_REVIEWED,CONNECTOR_NOT_AUTHORIZED,PRODUCT_RELEASE_PENDING","AI_RESEARCHED_UNVERIFIED","NOT_REVIEWED","NOT_IMPLEMENTED_OR_NOT_AUTHORIZED","SELF_ASSERTED","PENDING","BLOCKED_PENDING_GATES"
"US-CA-LOS_ANGELES:locksmith:door-opening","5","locksmith","42","door-opening","locksmith/door-opening","CRITICAL","US-CA-CONTRACTOR-CLASS: İş permit gerektiriyorsa, çalışan kullanılıyorsa veya labor+materials toplamı $1.000+ ise; platformda contractor olarak reklam minor exemption’ı kaldırabilir | US-CA-ALARM: Güvenlik alarmını satma, kurma, izleme, servis veya yanıt","[{""key"":""GLOBAL-EVIDENCE-CHAIN"",""trigger"":""Her zorunlu credential""},{""key"":""GLOBAL-IDENTITY-ENTITY"",""trigger"":""Her sağlayıcı""},{""key"":""GLOBAL-LOCAL-LAW-TEXT"",""trigger"":""Her rule-pack ve kullanıcı metni""},{""key"":""US-CA-LA-BASE"",""trigger"":""Los Angeles’ta her ticari sağlayıcı""},{""key"":""US-CA-LOCKSMITH"",""trigger"":""Kapı/araç açma veya kilit işi""}]","[{""key"":""US-CA-ALARM"",""trigger"":""Güvenlik alarmını satma, kurma, izleme, servis veya yanıt"",""condition"":""US-CA-CONTRACTOR-CLASS: İş permit gerektiriyorsa, çalışan kullanılıyorsa veya labor+materials toplamı $1.000+ ise; platformda contractor olarak reklam minor exemption’ı kaldırabilir | US-CA-ALARM: Güvenlik alarmını satma, kurma, izleme, servis veya yanıt""},{""key"":""US-CA-CONTRACTOR-CLASS"",""trigger"":""İş permit gerektiriyorsa, çalışan kullanılıyorsa veya labor+materials toplamı $1.000+ ise; platformda contractor olarak reklam minor exemption’ı kaldırabilir"",""condition"":""US-CA-CONTRACTOR-CLASS: İş permit gerektiriyorsa, çalışan kullanılıyorsa veya labor+materials toplamı $1.000+ ise; platformda contractor olarak reklam minor exemption’ı kaldırabilir | US-CA-ALARM: Güvenlik alarmını satma, kurma, izleme, servis veya yanıt""}]","[{""subjectType"":""PERSON"",""required"":true},{""subjectType"":""BUSINESS"",""required"":true},{""subjectType"":""VEHICLE"",""required"":true},{""subjectType"":""SITE"",""required"":true},{""subjectType"":""OPERATOR"",""required"":true},{""subjectType"":""PERSON"",""required"":true},{""subjectType"":""BUSINESS"",""required"":true},{""subjectType"":""POLICY"",""required"":true},{""subjectType"":""PERSON"",""required"":true},{""subjectType"":""BUSINESS"",""required"":true},{""subjectType"":""BUSINESS"",""required"":true},{""subjectType"":""QUALIFIER"",""required"":true},{""subjectType"":""PERSON"",""required"":true},{""subjectType"":""BUSINESS"",""required"":true},{""subjectType"":""PERSON"",""required"":true},{""subjectType"":""BUSINESS"",""required"":true},{""subjectType"":""CUSTOMER_AUTHORITY"",""required"":true}]","CAPABILITY_BLOCKED","BLOCKED","COUNTRY_SCAFFOLD_ONLY,AI_RESEARCHED_UNVERIFIED,LOCAL_COUNSEL_NOT_REVIEWED,CONNECTOR_NOT_AUTHORIZED,PRODUCT_RELEASE_PENDING","AI_RESEARCHED_UNVERIFIED","NOT_REVIEWED","NOT_IMPLEMENTED_OR_NOT_AUTHORIZED","SELF_ASSERTED","PENDING","BLOCKED_PENDING_GATES"
"US-CA-LOS_ANGELES:locksmith:car-locksmith","5","locksmith","54","car-locksmith","locksmith/car-locksmith","CRITICAL","US-CA-CONTRACTOR-CLASS: İş permit gerektiriyorsa, çalışan kullanılıyorsa veya labor+materials toplamı $1.000+ ise; platformda contractor olarak reklam minor exemption’ı kaldırabilir | US-CA-ALARM: Güvenlik alarmını satma, kurma, izleme, servis veya yanıt","[{""key"":""GLOBAL-EVIDENCE-CHAIN"",""trigger"":""Her zorunlu credential""},{""key"":""GLOBAL-IDENTITY-ENTITY"",""trigger"":""Her sağlayıcı""},{""key"":""GLOBAL-LOCAL-LAW-TEXT"",""trigger"":""Her rule-pack ve kullanıcı metni""},{""key"":""US-CA-LA-BASE"",""trigger"":""Los Angeles’ta her ticari sağlayıcı""},{""key"":""US-CA-LOCKSMITH"",""trigger"":""Kapı/araç açma veya kilit işi""}]","[{""key"":""US-CA-ALARM"",""trigger"":""Güvenlik alarmını satma, kurma, izleme, servis veya yanıt"",""condition"":""US-CA-CONTRACTOR-CLASS: İş permit gerektiriyorsa, çalışan kullanılıyorsa veya labor+materials toplamı $1.000+ ise; platformda contractor olarak reklam minor exemption’ı kaldırabilir | US-CA-ALARM: Güvenlik alarmını satma, kurma, izleme, servis veya yanıt""},{""key"":""US-CA-CONTRACTOR-CLASS"",""trigger"":""İş permit gerektiriyorsa, çalışan kullanılıyorsa veya labor+materials toplamı $1.000+ ise; platformda contractor olarak reklam minor exemption’ı kaldırabilir"",""condition"":""US-CA-CONTRACTOR-CLASS: İş permit gerektiriyorsa, çalışan kullanılıyorsa veya labor+materials toplamı $1.000+ ise; platformda contractor olarak reklam minor exemption’ı kaldırabilir | US-CA-ALARM: Güvenlik alarmını satma, kurma, izleme, servis veya yanıt""}]","[{""subjectType"":""PERSON"",""required"":true},{""subjectType"":""BUSINESS"",""required"":true},{""subjectType"":""VEHICLE"",""required"":true},{""subjectType"":""SITE"",""required"":true},{""subjectType"":""OPERATOR"",""required"":true},{""subjectType"":""PERSON"",""required"":true},{""subjectType"":""BUSINESS"",""required"":true},{""subjectType"":""POLICY"",""required"":true},{""subjectType"":""PERSON"",""required"":true},{""subjectType"":""BUSINESS"",""required"":true},{""subjectType"":""BUSINESS"",""required"":true},{""subjectType"":""QUALIFIER"",""required"":true},{""subjectType"":""PERSON"",""required"":true},{""subjectType"":""BUSINESS"",""required"":true},{""subjectType"":""PERSON"",""required"":true},{""subjectType"":""BUSINESS"",""required"":true},{""subjectType"":""CUSTOMER_AUTHORITY"",""required"":true}]","CAPABILITY_BLOCKED","BLOCKED","COUNTRY_SCAFFOLD_ONLY,AI_RESEARCHED_UNVERIFIED,LOCAL_COUNSEL_NOT_REVIEWED,CONNECTOR_NOT_AUTHORIZED,PRODUCT_RELEASE_PENDING","AI_RESEARCHED_UNVERIFIED","NOT_REVIEWED","NOT_IMPLEMENTED_OR_NOT_AUTHORIZED","SELF_ASSERTED","PENDING","BLOCKED_PENDING_GATES"
"US-CA-LOS_ANGELES:painting:plastering","6","painting","7","plastering","painting/plastering","CRITICAL","US-EPA-RRP: 1978 öncesi konut/child-occupied facility’de ücretli renovation ile boyalı yüzey bozma; federal eşik ve istisnalar uygulanır | US-CA-ASBESTOS: Asbestos >0.1% ve düzenlenen alan/iş eşiği veya diğer asbestos trigger","[{""key"":""GLOBAL-EVIDENCE-CHAIN"",""trigger"":""Her zorunlu credential""},{""key"":""GLOBAL-IDENTITY-ENTITY"",""trigger"":""Her sağlayıcı""},{""key"":""GLOBAL-LOCAL-LAW-TEXT"",""trigger"":""Her rule-pack ve kullanıcı metni""},{""key"":""US-CA-CONTRACTOR-CLASS"",""trigger"":""İş permit gerektiriyorsa, çalışan kullanılıyorsa veya labor+materials toplamı $1.000+ ise; platformda contractor olarak reklam minor exemption’ı kaldırabilir""},{""key"":""US-CA-LA-BASE"",""trigger"":""Los Angeles’ta her ticari sağlayıcı""},{""key"":""US-CA-PAINT"",""trigger"":""Boya, sıva veya duvar kaplama contractor işi""}]","[{""key"":""US-CA-ASBESTOS"",""trigger"":""Asbestos >0.1% ve düzenlenen alan/iş eşiği veya diğer asbestos trigger"",""condition"":""US-EPA-RRP: 1978 öncesi konut/child-occupied facility’de ücretli renovation ile boyalı yüzey bozma; federal eşik ve istisnalar uygulanır | US-CA-ASBESTOS: Asbestos >0.1% ve düzenlenen alan/iş eşiği veya diğer asbestos trigger""},{""key"":""US-EPA-RRP"",""trigger"":""1978 öncesi konut/child-occupied facility’de ücretli renovation ile boyalı yüzey bozma; federal eşik ve istisnalar uygulanır"",""condition"":""US-EPA-RRP: 1978 öncesi konut/child-occupied facility’de ücretli renovation ile boyalı yüzey bozma; federal eşik ve istisnalar uygulanır | US-CA-ASBESTOS: Asbestos >0.1% ve düzenlenen alan/iş eşiği veya diğer asbestos trigger""}]","[{""subjectType"":""PERSON"",""required"":true},{""subjectType"":""BUSINESS"",""required"":true},{""subjectType"":""VEHICLE"",""required"":true},{""subjectType"":""SITE"",""required"":true},{""subjectType"":""OPERATOR"",""required"":true},{""subjectType"":""PERSON"",""required"":true},{""subjectType"":""BUSINESS"",""required"":true},{""subjectType"":""POLICY"",""required"":true},{""subjectType"":""PERSON"",""required"":true},{""subjectType"":""BUSINESS"",""required"":true},{""subjectType"":""SITE"",""required"":true},{""subjectType"":""BUSINESS"",""required"":true},{""subjectType"":""QUALIFIER"",""required"":true},{""subjectType"":""PERSON"",""required"":true},{""subjectType"":""BUSINESS"",""required"":true},{""subjectType"":""BUSINESS"",""required"":true},{""subjectType"":""QUALIFIER"",""required"":true},{""subjectType"":""PERSON"",""required"":true},{""subjectType"":""BUSINESS"",""required"":true},{""subjectType"":""SITE"",""required"":true}]","CAPABILITY_BLOCKED","BLOCKED","COUNTRY_SCAFFOLD_ONLY,AI_RESEARCHED_UNVERIFIED,LOCAL_COUNSEL_NOT_REVIEWED,CONNECTOR_NOT_AUTHORIZED,PRODUCT_RELEASE_PENDING","AI_RESEARCHED_UNVERIFIED","NOT_REVIEWED","NOT_IMPLEMENTED_OR_NOT_AUTHORIZED","SELF_ASSERTED","PENDING","BLOCKED_PENDING_GATES"
"US-CA-LOS_ANGELES:painting:exterior-painting","6","painting","19","exterior-painting","painting/exterior-painting","CRITICAL","US-EPA-RRP: 1978 öncesi konut/child-occupied facility’de ücretli renovation ile boyalı yüzey bozma; federal eşik ve istisnalar uygulanır | US-CA-ASBESTOS: Asbestos >0.1% ve düzenlenen alan/iş eşiği veya diğer asbestos trigger","[{""key"":""GLOBAL-EVIDENCE-CHAIN"",""trigger"":""Her zorunlu credential""},{""key"":""GLOBAL-IDENTITY-ENTITY"",""trigger"":""Her sağlayıcı""},{""key"":""GLOBAL-LOCAL-LAW-TEXT"",""trigger"":""Her rule-pack ve kullanıcı metni""},{""key"":""US-CA-CONTRACTOR-CLASS"",""trigger"":""İş permit gerektiriyorsa, çalışan kullanılıyorsa veya labor+materials toplamı $1.000+ ise; platformda contractor olarak reklam minor exemption’ı kaldırabilir""},{""key"":""US-CA-LA-BASE"",""trigger"":""Los Angeles’ta her ticari sağlayıcı""},{""key"":""US-CA-PAINT"",""trigger"":""Boya, sıva veya duvar kaplama contractor işi""}]","[{""key"":""US-CA-ASBESTOS"",""trigger"":""Asbestos >0.1% ve düzenlenen alan/iş eşiği veya diğer asbestos trigger"",""condition"":""US-EPA-RRP: 1978 öncesi konut/child-occupied facility’de ücretli renovation ile boyalı yüzey bozma; federal eşik ve istisnalar uygulanır | US-CA-ASBESTOS: Asbestos >0.1% ve düzenlenen alan/iş eşiği veya diğer asbestos trigger""},{""key"":""US-EPA-RRP"",""trigger"":""1978 öncesi konut/child-occupied facility’de ücretli renovation ile boyalı yüzey bozma; federal eşik ve istisnalar uygulanır"",""condition"":""US-EPA-RRP: 1978 öncesi konut/child-occupied facility’de ücretli renovation ile boyalı yüzey bozma; federal eşik ve istisnalar uygulanır | US-CA-ASBESTOS: Asbestos >0.1% ve düzenlenen alan/iş eşiği veya diğer asbestos trigger""}]","[{""subjectType"":""PERSON"",""required"":true},{""subjectType"":""BUSINESS"",""required"":true},{""subjectType"":""VEHICLE"",""required"":true},{""subjectType"":""SITE"",""required"":true},{""subjectType"":""OPERATOR"",""required"":true},{""subjectType"":""PERSON"",""required"":true},{""subjectType"":""BUSINESS"",""required"":true},{""subjectType"":""POLICY"",""required"":true},{""subjectType"":""PERSON"",""required"":true},{""subjectType"":""BUSINESS"",""required"":true},{""subjectType"":""SITE"",""required"":true},{""subjectType"":""BUSINESS"",""required"":true},{""subjectType"":""QUALIFIER"",""required"":true},{""subjectType"":""PERSON"",""required"":true},{""subjectType"":""BUSINESS"",""required"":true},{""subjectType"":""BUSINESS"",""required"":true},{""subjectType"":""QUALIFIER"",""required"":true},{""subjectType"":""PERSON"",""required"":true},{""subjectType"":""BUSINESS"",""required"":true},{""subjectType"":""SITE"",""required"":true}]","CAPABILITY_BLOCKED","BLOCKED","COUNTRY_SCAFFOLD_ONLY,AI_RESEARCHED_UNVERIFIED,LOCAL_COUNSEL_NOT_REVIEWED,CONNECTOR_NOT_AUTHORIZED,PRODUCT_RELEASE_PENDING","AI_RESEARCHED_UNVERIFIED","NOT_REVIEWED","NOT_IMPLEMENTED_OR_NOT_AUTHORIZED","SELF_ASSERTED","PENDING","BLOCKED_PENDING_GATES"
"US-CA-LOS_ANGELES:painting:interior-painting","6","painting","31","interior-painting","painting/interior-painting","CRITICAL","US-EPA-RRP: 1978 öncesi konut/child-occupied facility’de ücretli renovation ile boyalı yüzey bozma; federal eşik ve istisnalar uygulanır | US-CA-ASBESTOS: Asbestos >0.1% ve düzenlenen alan/iş eşiği veya diğer asbestos trigger","[{""key"":""GLOBAL-EVIDENCE-CHAIN"",""trigger"":""Her zorunlu credential""},{""key"":""GLOBAL-IDENTITY-ENTITY"",""trigger"":""Her sağlayıcı""},{""key"":""GLOBAL-LOCAL-LAW-TEXT"",""trigger"":""Her rule-pack ve kullanıcı metni""},{""key"":""US-CA-CONTRACTOR-CLASS"",""trigger"":""İş permit gerektiriyorsa, çalışan kullanılıyorsa veya labor+materials toplamı $1.000+ ise; platformda contractor olarak reklam minor exemption’ı kaldırabilir""},{""key"":""US-CA-LA-BASE"",""trigger"":""Los Angeles’ta her ticari sağlayıcı""},{""key"":""US-CA-PAINT"",""trigger"":""Boya, sıva veya duvar kaplama contractor işi""}]","[{""key"":""US-CA-ASBESTOS"",""trigger"":""Asbestos >0.1% ve düzenlenen alan/iş eşiği veya diğer asbestos trigger"",""condition"":""US-EPA-RRP: 1978 öncesi konut/child-occupied facility’de ücretli renovation ile boyalı yüzey bozma; federal eşik ve istisnalar uygulanır | US-CA-ASBESTOS: Asbestos >0.1% ve düzenlenen alan/iş eşiği veya diğer asbestos trigger""},{""key"":""US-EPA-RRP"",""trigger"":""1978 öncesi konut/child-occupied facility’de ücretli renovation ile boyalı yüzey bozma; federal eşik ve istisnalar uygulanır"",""condition"":""US-EPA-RRP: 1978 öncesi konut/child-occupied facility’de ücretli renovation ile boyalı yüzey bozma; federal eşik ve istisnalar uygulanır | US-CA-ASBESTOS: Asbestos >0.1% ve düzenlenen alan/iş eşiği veya diğer asbestos trigger""}]","[{""subjectType"":""PERSON"",""required"":true},{""subjectType"":""BUSINESS"",""required"":true},{""subjectType"":""VEHICLE"",""required"":true},{""subjectType"":""SITE"",""required"":true},{""subjectType"":""OPERATOR"",""required"":true},{""subjectType"":""PERSON"",""required"":true},{""subjectType"":""BUSINESS"",""required"":true},{""subjectType"":""POLICY"",""required"":true},{""subjectType"":""PERSON"",""required"":true},{""subjectType"":""BUSINESS"",""required"":true},{""subjectType"":""SITE"",""required"":true},{""subjectType"":""BUSINESS"",""required"":true},{""subjectType"":""QUALIFIER"",""required"":true},{""subjectType"":""PERSON"",""required"":true},{""subjectType"":""BUSINESS"",""required"":true},{""subjectType"":""BUSINESS"",""required"":true},{""subjectType"":""QUALIFIER"",""required"":true},{""subjectType"":""PERSON"",""required"":true},{""subjectType"":""BUSINESS"",""required"":true},{""subjectType"":""SITE"",""required"":true}]","CAPABILITY_BLOCKED","BLOCKED","COUNTRY_SCAFFOLD_ONLY,AI_RESEARCHED_UNVERIFIED,LOCAL_COUNSEL_NOT_REVIEWED,CONNECTOR_NOT_AUTHORIZED,PRODUCT_RELEASE_PENDING","AI_RESEARCHED_UNVERIFIED","NOT_REVIEWED","NOT_IMPLEMENTED_OR_NOT_AUTHORIZED","SELF_ASSERTED","PENDING","BLOCKED_PENDING_GATES"
"US-CA-LOS_ANGELES:painting:wallpaper","6","painting","43","wallpaper","painting/wallpaper","CRITICAL","US-EPA-RRP: 1978 öncesi konut/child-occupied facility’de ücretli renovation ile boyalı yüzey bozma; federal eşik ve istisnalar uygulanır | US-CA-ASBESTOS: Asbestos >0.1% ve düzenlenen alan/iş eşiği veya diğer asbestos trigger","[{""key"":""GLOBAL-EVIDENCE-CHAIN"",""trigger"":""Her zorunlu credential""},{""key"":""GLOBAL-IDENTITY-ENTITY"",""trigger"":""Her sağlayıcı""},{""key"":""GLOBAL-LOCAL-LAW-TEXT"",""trigger"":""Her rule-pack ve kullanıcı metni""},{""key"":""US-CA-CONTRACTOR-CLASS"",""trigger"":""İş permit gerektiriyorsa, çalışan kullanılıyorsa veya labor+materials toplamı $1.000+ ise; platformda contractor olarak reklam minor exemption’ı kaldırabilir""},{""key"":""US-CA-LA-BASE"",""trigger"":""Los Angeles’ta her ticari sağlayıcı""},{""key"":""US-CA-PAINT"",""trigger"":""Boya, sıva veya duvar kaplama contractor işi""}]","[{""key"":""US-CA-ASBESTOS"",""trigger"":""Asbestos >0.1% ve düzenlenen alan/iş eşiği veya diğer asbestos trigger"",""condition"":""US-EPA-RRP: 1978 öncesi konut/child-occupied facility’de ücretli renovation ile boyalı yüzey bozma; federal eşik ve istisnalar uygulanır | US-CA-ASBESTOS: Asbestos >0.1% ve düzenlenen alan/iş eşiği veya diğer asbestos trigger""},{""key"":""US-EPA-RRP"",""trigger"":""1978 öncesi konut/child-occupied facility’de ücretli renovation ile boyalı yüzey bozma; federal eşik ve istisnalar uygulanır"",""condition"":""US-EPA-RRP: 1978 öncesi konut/child-occupied facility’de ücretli renovation ile boyalı yüzey bozma; federal eşik ve istisnalar uygulanır | US-CA-ASBESTOS: Asbestos >0.1% ve düzenlenen alan/iş eşiği veya diğer asbestos trigger""}]","[{""subjectType"":""PERSON"",""required"":true},{""subjectType"":""BUSINESS"",""required"":true},{""subjectType"":""VEHICLE"",""required"":true},{""subjectType"":""SITE"",""required"":true},{""subjectType"":""OPERATOR"",""required"":true},{""subjectType"":""PERSON"",""required"":true},{""subjectType"":""BUSINESS"",""required"":true},{""subjectType"":""POLICY"",""required"":true},{""subjectType"":""PERSON"",""required"":true},{""subjectType"":""BUSINESS"",""required"":true},{""subjectType"":""SITE"",""required"":true},{""subjectType"":""BUSINESS"",""required"":true},{""subjectType"":""QUALIFIER"",""required"":true},{""subjectType"":""PERSON"",""required"":true},{""subjectType"":""BUSINESS"",""required"":true},{""subjectType"":""BUSINESS"",""required"":true},{""subjectType"":""QUALIFIER"",""required"":true},{""subjectType"":""PERSON"",""required"":true},{""subjectType"":""BUSINESS"",""required"":true},{""subjectType"":""SITE"",""required"":true}]","CAPABILITY_BLOCKED","BLOCKED","COUNTRY_SCAFFOLD_ONLY,AI_RESEARCHED_UNVERIFIED,LOCAL_COUNSEL_NOT_REVIEWED,CONNECTOR_NOT_AUTHORIZED,PRODUCT_RELEASE_PENDING","AI_RESEARCHED_UNVERIFIED","NOT_REVIEWED","NOT_IMPLEMENTED_OR_NOT_AUTHORIZED","SELF_ASSERTED","PENDING","BLOCKED_PENDING_GATES"
"US-CA-LOS_ANGELES:gardening:pruning","7","gardening","20","pruning","gardening/pruning","CRITICAL","","[{""key"":""GLOBAL-EVIDENCE-CHAIN"",""trigger"":""Her zorunlu credential""},{""key"":""GLOBAL-IDENTITY-ENTITY"",""trigger"":""Her sağlayıcı""},{""key"":""GLOBAL-LOCAL-LAW-TEXT"",""trigger"":""Her rule-pack ve kullanıcı metni""},{""key"":""US-CA-CONTRACTOR-CLASS"",""trigger"":""İş permit gerektiriyorsa, çalışan kullanılıyorsa veya labor+materials toplamı $1.000+ ise; platformda contractor olarak reklam minor exemption’ı kaldırabilir""},{""key"":""US-CA-GARDEN"",""trigger"":""Peyzaj, sulama, budama veya profesyonel pestisit uygulaması""},{""key"":""US-CA-LA-BASE"",""trigger"":""Los Angeles’ta her ticari sağlayıcı""}]","[]","[{""subjectType"":""PERSON"",""required"":true},{""subjectType"":""BUSINESS"",""required"":true},{""subjectType"":""VEHICLE"",""required"":true},{""subjectType"":""SITE"",""required"":true},{""subjectType"":""OPERATOR"",""required"":true},{""subjectType"":""PERSON"",""required"":true},{""subjectType"":""BUSINESS"",""required"":true},{""subjectType"":""POLICY"",""required"":true},{""subjectType"":""BUSINESS"",""required"":true},{""subjectType"":""QUALIFIER"",""required"":true},{""subjectType"":""PERSON"",""required"":true},{""subjectType"":""BUSINESS"",""required"":true},{""subjectType"":""QUALIFIER"",""required"":true},{""subjectType"":""PERSON"",""required"":true},{""subjectType"":""BUSINESS"",""required"":true}]","CAPABILITY_BLOCKED","BLOCKED","COUNTRY_SCAFFOLD_ONLY,AI_RESEARCHED_UNVERIFIED,LOCAL_COUNSEL_NOT_REVIEWED,CONNECTOR_NOT_AUTHORIZED,PRODUCT_RELEASE_PENDING","AI_RESEARCHED_UNVERIFIED","NOT_REVIEWED","NOT_IMPLEMENTED_OR_NOT_AUTHORIZED","SELF_ASSERTED","PENDING","BLOCKED_PENDING_GATES"
"US-CA-LOS_ANGELES:gardening:landscaping","7","gardening","32","landscaping","gardening/landscaping","CRITICAL","","[{""key"":""GLOBAL-EVIDENCE-CHAIN"",""trigger"":""Her zorunlu credential""},{""key"":""GLOBAL-IDENTITY-ENTITY"",""trigger"":""Her sağlayıcı""},{""key"":""GLOBAL-LOCAL-LAW-TEXT"",""trigger"":""Her rule-pack ve kullanıcı metni""},{""key"":""US-CA-CONTRACTOR-CLASS"",""trigger"":""İş permit gerektiriyorsa, çalışan kullanılıyorsa veya labor+materials toplamı $1.000+ ise; platformda contractor olarak reklam minor exemption’ı kaldırabilir""},{""key"":""US-CA-GARDEN"",""trigger"":""Peyzaj, sulama, budama veya profesyonel pestisit uygulaması""},{""key"":""US-CA-LA-BASE"",""trigger"":""Los Angeles’ta her ticari sağlayıcı""}]","[]","[{""subjectType"":""PERSON"",""required"":true},{""subjectType"":""BUSINESS"",""required"":true},{""subjectType"":""VEHICLE"",""required"":true},{""subjectType"":""SITE"",""required"":true},{""subjectType"":""OPERATOR"",""required"":true},{""subjectType"":""PERSON"",""required"":true},{""subjectType"":""BUSINESS"",""required"":true},{""subjectType"":""POLICY"",""required"":true},{""subjectType"":""BUSINESS"",""required"":true},{""subjectType"":""QUALIFIER"",""required"":true},{""subjectType"":""PERSON"",""required"":true},{""subjectType"":""BUSINESS"",""required"":true},{""subjectType"":""QUALIFIER"",""required"":true},{""subjectType"":""PERSON"",""required"":true},{""subjectType"":""BUSINESS"",""required"":true}]","CAPABILITY_BLOCKED","BLOCKED","COUNTRY_SCAFFOLD_ONLY,AI_RESEARCHED_UNVERIFIED,LOCAL_COUNSEL_NOT_REVIEWED,CONNECTOR_NOT_AUTHORIZED,PRODUCT_RELEASE_PENDING","AI_RESEARCHED_UNVERIFIED","NOT_REVIEWED","NOT_IMPLEMENTED_OR_NOT_AUTHORIZED","SELF_ASSERTED","PENDING","BLOCKED_PENDING_GATES"
"US-CA-LOS_ANGELES:gardening:irrigation","7","gardening","44","irrigation","gardening/irrigation","CRITICAL","US-CA-C36: Plumbing işinde contractor tetikleri veya platform ilanı | US-CA-C10: Elektrik tesisatı/onarımı","[{""key"":""GLOBAL-EVIDENCE-CHAIN"",""trigger"":""Her zorunlu credential""},{""key"":""GLOBAL-IDENTITY-ENTITY"",""trigger"":""Her sağlayıcı""},{""key"":""GLOBAL-LOCAL-LAW-TEXT"",""trigger"":""Her rule-pack ve kullanıcı metni""},{""key"":""US-CA-CONTRACTOR-CLASS"",""trigger"":""İş permit gerektiriyorsa, çalışan kullanılıyorsa veya labor+materials toplamı $1.000+ ise; platformda contractor olarak reklam minor exemption’ı kaldırabilir""},{""key"":""US-CA-GARDEN"",""trigger"":""Peyzaj, sulama, budama veya profesyonel pestisit uygulaması""},{""key"":""US-CA-LA-BASE"",""trigger"":""Los Angeles’ta her ticari sağlayıcı""}]","[{""key"":""US-CA-C10"",""trigger"":""Elektrik tesisatı/onarımı"",""condition"":""US-CA-C36: Plumbing işinde contractor tetikleri veya platform ilanı | US-CA-C10: Elektrik tesisatı/onarımı""},{""key"":""US-CA-C36"",""trigger"":""Plumbing işinde contractor tetikleri veya platform ilanı"",""condition"":""US-CA-C36: Plumbing işinde contractor tetikleri veya platform ilanı | US-CA-C10: Elektrik tesisatı/onarımı""}]","[{""subjectType"":""PERSON"",""required"":true},{""subjectType"":""BUSINESS"",""required"":true},{""subjectType"":""VEHICLE"",""required"":true},{""subjectType"":""SITE"",""required"":true},{""subjectType"":""OPERATOR"",""required"":true},{""subjectType"":""PERSON"",""required"":true},{""subjectType"":""BUSINESS"",""required"":true},{""subjectType"":""POLICY"",""required"":true},{""subjectType"":""BUSINESS"",""required"":true},{""subjectType"":""QUALIFIER"",""required"":true},{""subjectType"":""BUSINESS"",""required"":true},{""subjectType"":""QUALIFIER"",""required"":true},{""subjectType"":""BUSINESS"",""required"":true},{""subjectType"":""QUALIFIER"",""required"":true},{""subjectType"":""PERSON"",""required"":true},{""subjectType"":""BUSINESS"",""required"":true},{""subjectType"":""QUALIFIER"",""required"":true},{""subjectType"":""PERSON"",""required"":true},{""subjectType"":""BUSINESS"",""required"":true}]","CAPABILITY_BLOCKED","BLOCKED","COUNTRY_SCAFFOLD_ONLY,AI_RESEARCHED_UNVERIFIED,LOCAL_COUNSEL_NOT_REVIEWED,CONNECTOR_NOT_AUTHORIZED,PRODUCT_RELEASE_PENDING","AI_RESEARCHED_UNVERIFIED","NOT_REVIEWED","NOT_IMPLEMENTED_OR_NOT_AUTHORIZED","SELF_ASSERTED","PENDING","BLOCKED_PENDING_GATES"
"US-CA-LOS_ANGELES:gardening:garden-maintenance","7","gardening","55","garden-maintenance","gardening/garden-maintenance","CRITICAL","","[{""key"":""GLOBAL-EVIDENCE-CHAIN"",""trigger"":""Her zorunlu credential""},{""key"":""GLOBAL-IDENTITY-ENTITY"",""trigger"":""Her sağlayıcı""},{""key"":""GLOBAL-LOCAL-LAW-TEXT"",""trigger"":""Her rule-pack ve kullanıcı metni""},{""key"":""US-CA-CONTRACTOR-CLASS"",""trigger"":""İş permit gerektiriyorsa, çalışan kullanılıyorsa veya labor+materials toplamı $1.000+ ise; platformda contractor olarak reklam minor exemption’ı kaldırabilir""},{""key"":""US-CA-GARDEN"",""trigger"":""Peyzaj, sulama, budama veya profesyonel pestisit uygulaması""},{""key"":""US-CA-LA-BASE"",""trigger"":""Los Angeles’ta her ticari sağlayıcı""}]","[]","[{""subjectType"":""PERSON"",""required"":true},{""subjectType"":""BUSINESS"",""required"":true},{""subjectType"":""VEHICLE"",""required"":true},{""subjectType"":""SITE"",""required"":true},{""subjectType"":""OPERATOR"",""required"":true},{""subjectType"":""PERSON"",""required"":true},{""subjectType"":""BUSINESS"",""required"":true},{""subjectType"":""POLICY"",""required"":true},{""subjectType"":""BUSINESS"",""required"":true},{""subjectType"":""QUALIFIER"",""required"":true},{""subjectType"":""PERSON"",""required"":true},{""subjectType"":""BUSINESS"",""required"":true},{""subjectType"":""QUALIFIER"",""required"":true},{""subjectType"":""PERSON"",""required"":true},{""subjectType"":""BUSINESS"",""required"":true}]","CAPABILITY_BLOCKED","BLOCKED","COUNTRY_SCAFFOLD_ONLY,AI_RESEARCHED_UNVERIFIED,LOCAL_COUNSEL_NOT_REVIEWED,CONNECTOR_NOT_AUTHORIZED,PRODUCT_RELEASE_PENDING","AI_RESEARCHED_UNVERIFIED","NOT_REVIEWED","NOT_IMPLEMENTED_OR_NOT_AUTHORIZED","SELF_ASSERTED","PENDING","BLOCKED_PENDING_GATES"
"US-CA-LOS_ANGELES:moving:house-moving","8","moving","8","house-moving","moving/house-moving","CRITICAL","US-FMCSA-MOVER: Eyaletler arası household goods taşıma | US-CA-MCP: Ücret karşılığı müşteri malı taşıma; motorcycle courier dahil","[{""key"":""GLOBAL-EVIDENCE-CHAIN"",""trigger"":""Her zorunlu credential""},{""key"":""GLOBAL-IDENTITY-ENTITY"",""trigger"":""Her sağlayıcı""},{""key"":""GLOBAL-LOCAL-LAW-TEXT"",""trigger"":""Her rule-pack ve kullanıcı metni""},{""key"":""US-CA-HHG-MOVER"",""trigger"":""California içinde household goods taşıma""},{""key"":""US-CA-LA-BASE"",""trigger"":""Los Angeles’ta her ticari sağlayıcı""}]","[{""key"":""US-CA-MCP"",""trigger"":""Ücret karşılığı müşteri malı taşıma; motorcycle courier dahil"",""condition"":""US-FMCSA-MOVER: Eyaletler arası household goods taşıma | US-CA-MCP: Ücret karşılığı müşteri malı taşıma; motorcycle courier dahil""},{""key"":""US-FMCSA-MOVER"",""trigger"":""Eyaletler arası household goods taşıma"",""condition"":""US-FMCSA-MOVER: Eyaletler arası household goods taşıma | US-CA-MCP: Ücret karşılığı müşteri malı taşıma; motorcycle courier dahil""}]","[{""subjectType"":""PERSON"",""required"":true},{""subjectType"":""BUSINESS"",""required"":true},{""subjectType"":""VEHICLE"",""required"":true},{""subjectType"":""SITE"",""required"":true},{""subjectType"":""OPERATOR"",""required"":true},{""subjectType"":""PERSON"",""required"":true},{""subjectType"":""BUSINESS"",""required"":true},{""subjectType"":""POLICY"",""required"":true},{""subjectType"":""BUSINESS"",""required"":true},{""subjectType"":""DRIVER"",""required"":true},{""subjectType"":""VEHICLE"",""required"":true},{""subjectType"":""PERSON"",""required"":true},{""subjectType"":""BUSINESS"",""required"":true},{""subjectType"":""BUSINESS"",""required"":true},{""subjectType"":""DRIVER"",""required"":true},{""subjectType"":""VEHICLE"",""required"":true},{""subjectType"":""BUSINESS"",""required"":true},{""subjectType"":""DRIVER"",""required"":true},{""subjectType"":""VEHICLE"",""required"":true}]","CAPABILITY_BLOCKED","BLOCKED","COUNTRY_SCAFFOLD_ONLY,AI_RESEARCHED_UNVERIFIED,LOCAL_COUNSEL_NOT_REVIEWED,CONNECTOR_NOT_AUTHORIZED,PRODUCT_RELEASE_PENDING","AI_RESEARCHED_UNVERIFIED","NOT_REVIEWED","NOT_IMPLEMENTED_OR_NOT_AUTHORIZED","SELF_ASSERTED","PENDING","BLOCKED_PENDING_GATES"
"US-CA-LOS_ANGELES:moving:intercity-moving","8","moving","21","intercity-moving","moving/intercity-moving","CRITICAL","US-FMCSA-MOVER: Eyaletler arası household goods taşıma | US-CA-MCP: Ücret karşılığı müşteri malı taşıma; motorcycle courier dahil","[{""key"":""GLOBAL-EVIDENCE-CHAIN"",""trigger"":""Her zorunlu credential""},{""key"":""GLOBAL-IDENTITY-ENTITY"",""trigger"":""Her sağlayıcı""},{""key"":""GLOBAL-LOCAL-LAW-TEXT"",""trigger"":""Her rule-pack ve kullanıcı metni""},{""key"":""US-CA-HHG-MOVER"",""trigger"":""California içinde household goods taşıma""},{""key"":""US-CA-LA-BASE"",""trigger"":""Los Angeles’ta her ticari sağlayıcı""}]","[{""key"":""US-CA-MCP"",""trigger"":""Ücret karşılığı müşteri malı taşıma; motorcycle courier dahil"",""condition"":""US-FMCSA-MOVER: Eyaletler arası household goods taşıma | US-CA-MCP: Ücret karşılığı müşteri malı taşıma; motorcycle courier dahil""},{""key"":""US-FMCSA-MOVER"",""trigger"":""Eyaletler arası household goods taşıma"",""condition"":""US-FMCSA-MOVER: Eyaletler arası household goods taşıma | US-CA-MCP: Ücret karşılığı müşteri malı taşıma; motorcycle courier dahil""}]","[{""subjectType"":""PERSON"",""required"":true},{""subjectType"":""BUSINESS"",""required"":true},{""subjectType"":""VEHICLE"",""required"":true},{""subjectType"":""SITE"",""required"":true},{""subjectType"":""OPERATOR"",""required"":true},{""subjectType"":""PERSON"",""required"":true},{""subjectType"":""BUSINESS"",""required"":true},{""subjectType"":""POLICY"",""required"":true},{""subjectType"":""BUSINESS"",""required"":true},{""subjectType"":""DRIVER"",""required"":true},{""subjectType"":""VEHICLE"",""required"":true},{""subjectType"":""PERSON"",""required"":true},{""subjectType"":""BUSINESS"",""required"":true},{""subjectType"":""BUSINESS"",""required"":true},{""subjectType"":""DRIVER"",""required"":true},{""subjectType"":""VEHICLE"",""required"":true},{""subjectType"":""BUSINESS"",""required"":true},{""subjectType"":""DRIVER"",""required"":true},{""subjectType"":""VEHICLE"",""required"":true}]","CAPABILITY_BLOCKED","BLOCKED","COUNTRY_SCAFFOLD_ONLY,AI_RESEARCHED_UNVERIFIED,LOCAL_COUNSEL_NOT_REVIEWED,CONNECTOR_NOT_AUTHORIZED,PRODUCT_RELEASE_PENDING","AI_RESEARCHED_UNVERIFIED","NOT_REVIEWED","NOT_IMPLEMENTED_OR_NOT_AUTHORIZED","SELF_ASSERTED","PENDING","BLOCKED_PENDING_GATES"
"US-CA-LOS_ANGELES:moving:single-item-moving","8","moving","33","single-item-moving","moving/single-item-moving","CRITICAL","US-FMCSA-MOVER: Eyaletler arası household goods taşıma | US-CA-MCP: Ücret karşılığı müşteri malı taşıma; motorcycle courier dahil","[{""key"":""GLOBAL-EVIDENCE-CHAIN"",""trigger"":""Her zorunlu credential""},{""key"":""GLOBAL-IDENTITY-ENTITY"",""trigger"":""Her sağlayıcı""},{""key"":""GLOBAL-LOCAL-LAW-TEXT"",""trigger"":""Her rule-pack ve kullanıcı metni""},{""key"":""US-CA-HHG-MOVER"",""trigger"":""California içinde household goods taşıma""},{""key"":""US-CA-LA-BASE"",""trigger"":""Los Angeles’ta her ticari sağlayıcı""}]","[{""key"":""US-CA-MCP"",""trigger"":""Ücret karşılığı müşteri malı taşıma; motorcycle courier dahil"",""condition"":""US-FMCSA-MOVER: Eyaletler arası household goods taşıma | US-CA-MCP: Ücret karşılığı müşteri malı taşıma; motorcycle courier dahil""},{""key"":""US-FMCSA-MOVER"",""trigger"":""Eyaletler arası household goods taşıma"",""condition"":""US-FMCSA-MOVER: Eyaletler arası household goods taşıma | US-CA-MCP: Ücret karşılığı müşteri malı taşıma; motorcycle courier dahil""}]","[{""subjectType"":""PERSON"",""required"":true},{""subjectType"":""BUSINESS"",""required"":true},{""subjectType"":""VEHICLE"",""required"":true},{""subjectType"":""SITE"",""required"":true},{""subjectType"":""OPERATOR"",""required"":true},{""subjectType"":""PERSON"",""required"":true},{""subjectType"":""BUSINESS"",""required"":true},{""subjectType"":""POLICY"",""required"":true},{""subjectType"":""BUSINESS"",""required"":true},{""subjectType"":""DRIVER"",""required"":true},{""subjectType"":""VEHICLE"",""required"":true},{""subjectType"":""PERSON"",""required"":true},{""subjectType"":""BUSINESS"",""required"":true},{""subjectType"":""BUSINESS"",""required"":true},{""subjectType"":""DRIVER"",""required"":true},{""subjectType"":""VEHICLE"",""required"":true},{""subjectType"":""BUSINESS"",""required"":true},{""subjectType"":""DRIVER"",""required"":true},{""subjectType"":""VEHICLE"",""required"":true}]","CAPABILITY_BLOCKED","BLOCKED","COUNTRY_SCAFFOLD_ONLY,AI_RESEARCHED_UNVERIFIED,LOCAL_COUNSEL_NOT_REVIEWED,CONNECTOR_NOT_AUTHORIZED,PRODUCT_RELEASE_PENDING","AI_RESEARCHED_UNVERIFIED","NOT_REVIEWED","NOT_IMPLEMENTED_OR_NOT_AUTHORIZED","SELF_ASSERTED","PENDING","BLOCKED_PENDING_GATES"
"US-CA-LOS_ANGELES:moving:office-moving","8","moving","56","office-moving","moving/office-moving","CRITICAL","US-FMCSA-MOVER: Eyaletler arası household goods taşıma | US-CA-MCP: Ücret karşılığı müşteri malı taşıma; motorcycle courier dahil","[{""key"":""GLOBAL-EVIDENCE-CHAIN"",""trigger"":""Her zorunlu credential""},{""key"":""GLOBAL-IDENTITY-ENTITY"",""trigger"":""Her sağlayıcı""},{""key"":""GLOBAL-LOCAL-LAW-TEXT"",""trigger"":""Her rule-pack ve kullanıcı metni""},{""key"":""US-CA-HHG-MOVER"",""trigger"":""California içinde household goods taşıma""},{""key"":""US-CA-LA-BASE"",""trigger"":""Los Angeles’ta her ticari sağlayıcı""}]","[{""key"":""US-CA-MCP"",""trigger"":""Ücret karşılığı müşteri malı taşıma; motorcycle courier dahil"",""condition"":""US-FMCSA-MOVER: Eyaletler arası household goods taşıma | US-CA-MCP: Ücret karşılığı müşteri malı taşıma; motorcycle courier dahil""},{""key"":""US-FMCSA-MOVER"",""trigger"":""Eyaletler arası household goods taşıma"",""condition"":""US-FMCSA-MOVER: Eyaletler arası household goods taşıma | US-CA-MCP: Ücret karşılığı müşteri malı taşıma; motorcycle courier dahil""}]","[{""subjectType"":""PERSON"",""required"":true},{""subjectType"":""BUSINESS"",""required"":true},{""subjectType"":""VEHICLE"",""required"":true},{""subjectType"":""SITE"",""required"":true},{""subjectType"":""OPERATOR"",""required"":true},{""subjectType"":""PERSON"",""required"":true},{""subjectType"":""BUSINESS"",""required"":true},{""subjectType"":""POLICY"",""required"":true},{""subjectType"":""BUSINESS"",""required"":true},{""subjectType"":""DRIVER"",""required"":true},{""subjectType"":""VEHICLE"",""required"":true},{""subjectType"":""PERSON"",""required"":true},{""subjectType"":""BUSINESS"",""required"":true},{""subjectType"":""BUSINESS"",""required"":true},{""subjectType"":""DRIVER"",""required"":true},{""subjectType"":""VEHICLE"",""required"":true},{""subjectType"":""BUSINESS"",""required"":true},{""subjectType"":""DRIVER"",""required"":true},{""subjectType"":""VEHICLE"",""required"":true}]","CAPABILITY_BLOCKED","BLOCKED","COUNTRY_SCAFFOLD_ONLY,AI_RESEARCHED_UNVERIFIED,LOCAL_COUNSEL_NOT_REVIEWED,CONNECTOR_NOT_AUTHORIZED,PRODUCT_RELEASE_PENDING","AI_RESEARCHED_UNVERIFIED","NOT_REVIEWED","NOT_IMPLEMENTED_OR_NOT_AUTHORIZED","SELF_ASSERTED","PENDING","BLOCKED_PENDING_GATES"
"US-CA-LOS_ANGELES:appliance:dishwasher","9","appliance","9","dishwasher","appliance/dishwasher","CRITICAL","US-CA-C10: Elektrik tesisatı/onarımı | US-CA-C36: Plumbing işinde contractor tetikleri veya platform ilanı | US-CA-CONTRACTOR-CLASS: İş permit gerektiriyorsa, çalışan kullanılıyorsa veya labor+materials toplamı $1.000+ ise; platformda contractor olarak reklam minor exemption’ı kaldırabilir","[{""key"":""GLOBAL-EVIDENCE-CHAIN"",""trigger"":""Her zorunlu credential""},{""key"":""GLOBAL-IDENTITY-ENTITY"",""trigger"":""Her sağlayıcı""},{""key"":""GLOBAL-LOCAL-LAW-TEXT"",""trigger"":""Her rule-pack ve kullanıcı metni""},{""key"":""US-CA-APPLIANCE"",""trigger"":""Beyaz eşya, bilgisayar, telefon veya consumer electronic repair""},{""key"":""US-CA-LA-BASE"",""trigger"":""Los Angeles’ta her ticari sağlayıcı""}]","[{""key"":""US-CA-C10"",""trigger"":""Elektrik tesisatı/onarımı"",""condition"":""US-CA-C10: Elektrik tesisatı/onarımı | US-CA-C36: Plumbing işinde contractor tetikleri veya platform ilanı | US-CA-CONTRACTOR-CLASS: İş permit gerektiriyorsa, çalışan kullanılıyorsa veya labor+materials toplamı $1.000+ ise; platformda contractor olarak reklam minor exemption’ı kaldırabilir""},{""key"":""US-CA-C36"",""trigger"":""Plumbing işinde contractor tetikleri veya platform ilanı"",""condition"":""US-CA-C10: Elektrik tesisatı/onarımı | US-CA-C36: Plumbing işinde contractor tetikleri veya platform ilanı | US-CA-CONTRACTOR-CLASS: İş permit gerektiriyorsa, çalışan kullanılıyorsa veya labor+materials toplamı $1.000+ ise; platformda contractor olarak reklam minor exemption’ı kaldırabilir""},{""key"":""US-CA-CONTRACTOR-CLASS"",""trigger"":""İş permit gerektiriyorsa, çalışan kullanılıyorsa veya labor+materials toplamı $1.000+ ise; platformda contractor olarak reklam minor exemption’ı kaldırabilir"",""condition"":""US-CA-C10: Elektrik tesisatı/onarımı | US-CA-C36: Plumbing işinde contractor tetikleri veya platform ilanı | US-CA-CONTRACTOR-CLASS: İş permit gerektiriyorsa, çalışan kullanılıyorsa veya labor+materials toplamı $1.000+ ise; platformda contractor olarak reklam minor exemption’ı kaldırabilir""}]","[{""subjectType"":""PERSON"",""required"":true},{""subjectType"":""BUSINESS"",""required"":true},{""subjectType"":""VEHICLE"",""required"":true},{""subjectType"":""SITE"",""required"":true},{""subjectType"":""OPERATOR"",""required"":true},{""subjectType"":""PERSON"",""required"":true},{""subjectType"":""BUSINESS"",""required"":true},{""subjectType"":""POLICY"",""required"":true},{""subjectType"":""BUSINESS"",""required"":true},{""subjectType"":""SITE"",""required"":true},{""subjectType"":""BUSINESS"",""required"":true},{""subjectType"":""QUALIFIER"",""required"":true},{""subjectType"":""BUSINESS"",""required"":true},{""subjectType"":""QUALIFIER"",""required"":true},{""subjectType"":""BUSINESS"",""required"":true},{""subjectType"":""QUALIFIER"",""required"":true},{""subjectType"":""PERSON"",""required"":true},{""subjectType"":""BUSINESS"",""required"":true}]","CAPABILITY_BLOCKED","BLOCKED","COUNTRY_SCAFFOLD_ONLY,AI_RESEARCHED_UNVERIFIED,LOCAL_COUNSEL_NOT_REVIEWED,CONNECTOR_NOT_AUTHORIZED,PRODUCT_RELEASE_PENDING","AI_RESEARCHED_UNVERIFIED","NOT_REVIEWED","NOT_IMPLEMENTED_OR_NOT_AUTHORIZED","SELF_ASSERTED","PENDING","BLOCKED_PENDING_GATES"
"US-CA-LOS_ANGELES:appliance:oven-cooker","9","appliance","34","oven-cooker","appliance/oven-cooker","CRITICAL","US-CA-C10: Elektrik tesisatı/onarımı | US-CA-C36: Plumbing işinde contractor tetikleri veya platform ilanı | US-CA-CONTRACTOR-CLASS: İş permit gerektiriyorsa, çalışan kullanılıyorsa veya labor+materials toplamı $1.000+ ise; platformda contractor olarak reklam minor exemption’ı kaldırabilir | US-CA-C20-C38: Klima, ısıtma veya refrigeration işi","[{""key"":""GLOBAL-EVIDENCE-CHAIN"",""trigger"":""Her zorunlu credential""},{""key"":""GLOBAL-IDENTITY-ENTITY"",""trigger"":""Her sağlayıcı""},{""key"":""GLOBAL-LOCAL-LAW-TEXT"",""trigger"":""Her rule-pack ve kullanıcı metni""},{""key"":""US-CA-APPLIANCE"",""trigger"":""Beyaz eşya, bilgisayar, telefon veya consumer electronic repair""},{""key"":""US-CA-LA-BASE"",""trigger"":""Los Angeles’ta her ticari sağlayıcı""}]","[{""key"":""US-CA-C10"",""trigger"":""Elektrik tesisatı/onarımı"",""condition"":""US-CA-C10: Elektrik tesisatı/onarımı | US-CA-C36: Plumbing işinde contractor tetikleri veya platform ilanı | US-CA-CONTRACTOR-CLASS: İş permit gerektiriyorsa, çalışan kullanılıyorsa veya labor+materials toplamı $1.000+ ise; platformda contractor olarak reklam minor exemption’ı kaldırabilir | US-CA-C20-C38: Klima, ısıtma veya refrigeration işi""},{""key"":""US-CA-C20-C38"",""trigger"":""Klima, ısıtma veya refrigeration işi"",""condition"":""US-CA-C10: Elektrik tesisatı/onarımı | US-CA-C36: Plumbing işinde contractor tetikleri veya platform ilanı | US-CA-CONTRACTOR-CLASS: İş permit gerektiriyorsa, çalışan kullanılıyorsa veya labor+materials toplamı $1.000+ ise; platformda contractor olarak reklam minor exemption’ı kaldırabilir | US-CA-C20-C38: Klima, ısıtma veya refrigeration işi""},{""key"":""US-CA-C36"",""trigger"":""Plumbing işinde contractor tetikleri veya platform ilanı"",""condition"":""US-CA-C10: Elektrik tesisatı/onarımı | US-CA-C36: Plumbing işinde contractor tetikleri veya platform ilanı | US-CA-CONTRACTOR-CLASS: İş permit gerektiriyorsa, çalışan kullanılıyorsa veya labor+materials toplamı $1.000+ ise; platformda contractor olarak reklam minor exemption’ı kaldırabilir | US-CA-C20-C38: Klima, ısıtma veya refrigeration işi""},{""key"":""US-CA-CONTRACTOR-CLASS"",""trigger"":""İş permit gerektiriyorsa, çalışan kullanılıyorsa veya labor+materials toplamı $1.000+ ise; platformda contractor olarak reklam minor exemption’ı kaldırabilir"",""condition"":""US-CA-C10: Elektrik tesisatı/onarımı | US-CA-C36: Plumbing işinde contractor tetikleri veya platform ilanı | US-CA-CONTRACTOR-CLASS: İş permit gerektiriyorsa, çalışan kullanılıyorsa veya labor+materials toplamı $1.000+ ise; platformda contractor olarak reklam minor exemption’ı kaldırabilir | US-CA-C20-C38: Klima, ısıtma veya refrigeration işi""}]","[{""subjectType"":""PERSON"",""required"":true},{""subjectType"":""BUSINESS"",""required"":true},{""subjectType"":""VEHICLE"",""required"":true},{""subjectType"":""SITE"",""required"":true},{""subjectType"":""OPERATOR"",""required"":true},{""subjectType"":""PERSON"",""required"":true},{""subjectType"":""BUSINESS"",""required"":true},{""subjectType"":""POLICY"",""required"":true},{""subjectType"":""BUSINESS"",""required"":true},{""subjectType"":""SITE"",""required"":true},{""subjectType"":""BUSINESS"",""required"":true},{""subjectType"":""QUALIFIER"",""required"":true},{""subjectType"":""BUSINESS"",""required"":true},{""subjectType"":""QUALIFIER"",""required"":true},{""subjectType"":""BUSINESS"",""required"":true},{""subjectType"":""QUALIFIER"",""required"":true},{""subjectType"":""BUSINESS"",""required"":true},{""subjectType"":""QUALIFIER"",""required"":true},{""subjectType"":""PERSON"",""required"":true},{""subjectType"":""BUSINESS"",""required"":true}]","CAPABILITY_BLOCKED","BLOCKED","COUNTRY_SCAFFOLD_ONLY,AI_RESEARCHED_UNVERIFIED,LOCAL_COUNSEL_NOT_REVIEWED,CONNECTOR_NOT_AUTHORIZED,PRODUCT_RELEASE_PENDING","AI_RESEARCHED_UNVERIFIED","NOT_REVIEWED","NOT_IMPLEMENTED_OR_NOT_AUTHORIZED","SELF_ASSERTED","PENDING","BLOCKED_PENDING_GATES"
"US-CA-LOS_ANGELES:appliance:washing-machine","9","appliance","45","washing-machine","appliance/washing-machine","CRITICAL","US-CA-C10: Elektrik tesisatı/onarımı | US-CA-C36: Plumbing işinde contractor tetikleri veya platform ilanı | US-CA-CONTRACTOR-CLASS: İş permit gerektiriyorsa, çalışan kullanılıyorsa veya labor+materials toplamı $1.000+ ise; platformda contractor olarak reklam minor exemption’ı kaldırabilir","[{""key"":""GLOBAL-EVIDENCE-CHAIN"",""trigger"":""Her zorunlu credential""},{""key"":""GLOBAL-IDENTITY-ENTITY"",""trigger"":""Her sağlayıcı""},{""key"":""GLOBAL-LOCAL-LAW-TEXT"",""trigger"":""Her rule-pack ve kullanıcı metni""},{""key"":""US-CA-APPLIANCE"",""trigger"":""Beyaz eşya, bilgisayar, telefon veya consumer electronic repair""},{""key"":""US-CA-LA-BASE"",""trigger"":""Los Angeles’ta her ticari sağlayıcı""}]","[{""key"":""US-CA-C10"",""trigger"":""Elektrik tesisatı/onarımı"",""condition"":""US-CA-C10: Elektrik tesisatı/onarımı | US-CA-C36: Plumbing işinde contractor tetikleri veya platform ilanı | US-CA-CONTRACTOR-CLASS: İş permit gerektiriyorsa, çalışan kullanılıyorsa veya labor+materials toplamı $1.000+ ise; platformda contractor olarak reklam minor exemption’ı kaldırabilir""},{""key"":""US-CA-C36"",""trigger"":""Plumbing işinde contractor tetikleri veya platform ilanı"",""condition"":""US-CA-C10: Elektrik tesisatı/onarımı | US-CA-C36: Plumbing işinde contractor tetikleri veya platform ilanı | US-CA-CONTRACTOR-CLASS: İş permit gerektiriyorsa, çalışan kullanılıyorsa veya labor+materials toplamı $1.000+ ise; platformda contractor olarak reklam minor exemption’ı kaldırabilir""},{""key"":""US-CA-CONTRACTOR-CLASS"",""trigger"":""İş permit gerektiriyorsa, çalışan kullanılıyorsa veya labor+materials toplamı $1.000+ ise; platformda contractor olarak reklam minor exemption’ı kaldırabilir"",""condition"":""US-CA-C10: Elektrik tesisatı/onarımı | US-CA-C36: Plumbing işinde contractor tetikleri veya platform ilanı | US-CA-CONTRACTOR-CLASS: İş permit gerektiriyorsa, çalışan kullanılıyorsa veya labor+materials toplamı $1.000+ ise; platformda contractor olarak reklam minor exemption’ı kaldırabilir""}]","[{""subjectType"":""PERSON"",""required"":true},{""subjectType"":""BUSINESS"",""required"":true},{""subjectType"":""VEHICLE"",""required"":true},{""subjectType"":""SITE"",""required"":true},{""subjectType"":""OPERATOR"",""required"":true},{""subjectType"":""PERSON"",""required"":true},{""subjectType"":""BUSINESS"",""required"":true},{""subjectType"":""POLICY"",""required"":true},{""subjectType"":""BUSINESS"",""required"":true},{""subjectType"":""SITE"",""required"":true},{""subjectType"":""BUSINESS"",""required"":true},{""subjectType"":""QUALIFIER"",""required"":true},{""subjectType"":""BUSINESS"",""required"":true},{""subjectType"":""QUALIFIER"",""required"":true},{""subjectType"":""BUSINESS"",""required"":true},{""subjectType"":""QUALIFIER"",""required"":true},{""subjectType"":""PERSON"",""required"":true},{""subjectType"":""BUSINESS"",""required"":true}]","CAPABILITY_BLOCKED","BLOCKED","COUNTRY_SCAFFOLD_ONLY,AI_RESEARCHED_UNVERIFIED,LOCAL_COUNSEL_NOT_REVIEWED,CONNECTOR_NOT_AUTHORIZED,PRODUCT_RELEASE_PENDING","AI_RESEARCHED_UNVERIFIED","NOT_REVIEWED","NOT_IMPLEMENTED_OR_NOT_AUTHORIZED","SELF_ASSERTED","PENDING","BLOCKED_PENDING_GATES"
"US-CA-LOS_ANGELES:appliance:refrigerator","9","appliance","57","refrigerator","appliance/refrigerator","CRITICAL","US-CA-C10: Elektrik tesisatı/onarımı | US-CA-C36: Plumbing işinde contractor tetikleri veya platform ilanı | US-CA-CONTRACTOR-CLASS: İş permit gerektiriyorsa, çalışan kullanılıyorsa veya labor+materials toplamı $1.000+ ise; platformda contractor olarak reklam minor exemption’ı kaldırabilir | US-EPA-608: Soğutucu devreyi açma, dolum, geri kazanım, servis veya disposal | US-CA-C20-C38: Klima, ısıtma veya refrigeration işi","[{""key"":""GLOBAL-EVIDENCE-CHAIN"",""trigger"":""Her zorunlu credential""},{""key"":""GLOBAL-IDENTITY-ENTITY"",""trigger"":""Her sağlayıcı""},{""key"":""GLOBAL-LOCAL-LAW-TEXT"",""trigger"":""Her rule-pack ve kullanıcı metni""},{""key"":""US-CA-APPLIANCE"",""trigger"":""Beyaz eşya, bilgisayar, telefon veya consumer electronic repair""},{""key"":""US-CA-LA-BASE"",""trigger"":""Los Angeles’ta her ticari sağlayıcı""}]","[{""key"":""US-CA-C10"",""trigger"":""Elektrik tesisatı/onarımı"",""condition"":""US-CA-C10: Elektrik tesisatı/onarımı | US-CA-C36: Plumbing işinde contractor tetikleri veya platform ilanı | US-CA-CONTRACTOR-CLASS: İş permit gerektiriyorsa, çalışan kullanılıyorsa veya labor+materials toplamı $1.000+ ise; platformda contractor olarak reklam minor exemption’ı kaldırabilir | US-EPA-608: Soğutucu devreyi açma, dolum, geri kazanım, servis veya disposal | US-CA-C20-C38: Klima, ısıtma veya refrigeration işi""},{""key"":""US-CA-C20-C38"",""trigger"":""Klima, ısıtma veya refrigeration işi"",""condition"":""US-CA-C10: Elektrik tesisatı/onarımı | US-CA-C36: Plumbing işinde contractor tetikleri veya platform ilanı | US-CA-CONTRACTOR-CLASS: İş permit gerektiriyorsa, çalışan kullanılıyorsa veya labor+materials toplamı $1.000+ ise; platformda contractor olarak reklam minor exemption’ı kaldırabilir | US-EPA-608: Soğutucu devreyi açma, dolum, geri kazanım, servis veya disposal | US-CA-C20-C38: Klima, ısıtma veya refrigeration işi""},{""key"":""US-CA-C36"",""trigger"":""Plumbing işinde contractor tetikleri veya platform ilanı"",""condition"":""US-CA-C10: Elektrik tesisatı/onarımı | US-CA-C36: Plumbing işinde contractor tetikleri veya platform ilanı | US-CA-CONTRACTOR-CLASS: İş permit gerektiriyorsa, çalışan kullanılıyorsa veya labor+materials toplamı $1.000+ ise; platformda contractor olarak reklam minor exemption’ı kaldırabilir | US-EPA-608: Soğutucu devreyi açma, dolum, geri kazanım, servis veya disposal | US-CA-C20-C38: Klima, ısıtma veya refrigeration işi""},{""key"":""US-CA-CONTRACTOR-CLASS"",""trigger"":""İş permit gerektiriyorsa, çalışan kullanılıyorsa veya labor+materials toplamı $1.000+ ise; platformda contractor olarak reklam minor exemption’ı kaldırabilir"",""condition"":""US-CA-C10: Elektrik tesisatı/onarımı | US-CA-C36: Plumbing işinde contractor tetikleri veya platform ilanı | US-CA-CONTRACTOR-CLASS: İş permit gerektiriyorsa, çalışan kullanılıyorsa veya labor+materials toplamı $1.000+ ise; platformda contractor olarak reklam minor exemption’ı kaldırabilir | US-EPA-608: Soğutucu devreyi açma, dolum, geri kazanım, servis veya disposal | US-CA-C20-C38: Klima, ısıtma veya refrigeration işi""},{""key"":""US-EPA-608"",""trigger"":""Soğutucu devreyi açma, dolum, geri kazanım, servis veya disposal"",""condition"":""US-CA-C10: Elektrik tesisatı/onarımı | US-CA-C36: Plumbing işinde contractor tetikleri veya platform ilanı | US-CA-CONTRACTOR-CLASS: İş permit gerektiriyorsa, çalışan kullanılıyorsa veya labor+materials toplamı $1.000+ ise; platformda contractor olarak reklam minor exemption’ı kaldırabilir | US-EPA-608: Soğutucu devreyi açma, dolum, geri kazanım, servis veya disposal | US-CA-C20-C38: Klima, ısıtma veya refrigeration işi""}]","[{""subjectType"":""PERSON"",""required"":true},{""subjectType"":""BUSINESS"",""required"":true},{""subjectType"":""VEHICLE"",""required"":true},{""subjectType"":""SITE"",""required"":true},{""subjectType"":""OPERATOR"",""required"":true},{""subjectType"":""PERSON"",""required"":true},{""subjectType"":""BUSINESS"",""required"":true},{""subjectType"":""POLICY"",""required"":true},{""subjectType"":""BUSINESS"",""required"":true},{""subjectType"":""SITE"",""required"":true},{""subjectType"":""BUSINESS"",""required"":true},{""subjectType"":""QUALIFIER"",""required"":true},{""subjectType"":""BUSINESS"",""required"":true},{""subjectType"":""QUALIFIER"",""required"":true},{""subjectType"":""BUSINESS"",""required"":true},{""subjectType"":""QUALIFIER"",""required"":true},{""subjectType"":""BUSINESS"",""required"":true},{""subjectType"":""QUALIFIER"",""required"":true},{""subjectType"":""PERSON"",""required"":true},{""subjectType"":""BUSINESS"",""required"":true},{""subjectType"":""PERSON"",""required"":true}]","CAPABILITY_BLOCKED","BLOCKED","COUNTRY_SCAFFOLD_ONLY,AI_RESEARCHED_UNVERIFIED,LOCAL_COUNSEL_NOT_REVIEWED,CONNECTOR_NOT_AUTHORIZED,PRODUCT_RELEASE_PENDING","AI_RESEARCHED_UNVERIFIED","NOT_REVIEWED","NOT_IMPLEMENTED_OR_NOT_AUTHORIZED","SELF_ASSERTED","PENDING","BLOCKED_PENDING_GATES"
"US-CA-LOS_ANGELES:towing:vehicle-transport","13","towing","10","vehicle-transport","towing/vehicle-transport","CRITICAL","US-FMCSA-MOVER: Eyaletler arası household goods taşıma | US-CA-ARD: Ücretli diagnose, service veya repair; mobile/referral/sublet dahil","[{""key"":""GLOBAL-EVIDENCE-CHAIN"",""trigger"":""Her zorunlu credential""},{""key"":""GLOBAL-IDENTITY-ENTITY"",""trigger"":""Her sağlayıcı""},{""key"":""GLOBAL-LOCAL-LAW-TEXT"",""trigger"":""Her rule-pack ve kullanıcı metni""},{""key"":""US-CA-LA-BASE"",""trigger"":""Los Angeles’ta her ticari sağlayıcı""},{""key"":""US-CA-TOW"",""trigger"":""Ücretli towing/vehicle transport""}]","[{""key"":""US-CA-ARD"",""trigger"":""Ücretli diagnose, service veya repair; mobile/referral/sublet dahil"",""condition"":""US-FMCSA-MOVER: Eyaletler arası household goods taşıma | US-CA-ARD: Ücretli diagnose, service veya repair; mobile/referral/sublet dahil""},{""key"":""US-FMCSA-MOVER"",""trigger"":""Eyaletler arası household goods taşıma"",""condition"":""US-FMCSA-MOVER: Eyaletler arası household goods taşıma | US-CA-ARD: Ücretli diagnose, service veya repair; mobile/referral/sublet dahil""}]","[{""subjectType"":""PERSON"",""required"":true},{""subjectType"":""BUSINESS"",""required"":true},{""subjectType"":""VEHICLE"",""required"":true},{""subjectType"":""SITE"",""required"":true},{""subjectType"":""OPERATOR"",""required"":true},{""subjectType"":""PERSON"",""required"":true},{""subjectType"":""BUSINESS"",""required"":true},{""subjectType"":""POLICY"",""required"":true},{""subjectType"":""BUSINESS"",""required"":true},{""subjectType"":""VEHICLE"",""required"":true},{""subjectType"":""SITE"",""required"":true},{""subjectType"":""PERSON"",""required"":true},{""subjectType"":""BUSINESS"",""required"":true},{""subjectType"":""BUSINESS"",""required"":true},{""subjectType"":""DRIVER"",""required"":true},{""subjectType"":""VEHICLE"",""required"":true},{""subjectType"":""BUSINESS"",""required"":true},{""subjectType"":""DRIVER"",""required"":true},{""subjectType"":""VEHICLE"",""required"":true}]","CAPABILITY_BLOCKED","BLOCKED","COUNTRY_SCAFFOLD_ONLY,AI_RESEARCHED_UNVERIFIED,LOCAL_COUNSEL_NOT_REVIEWED,CONNECTOR_NOT_AUTHORIZED,PRODUCT_RELEASE_PENDING","AI_RESEARCHED_UNVERIFIED","NOT_REVIEWED","NOT_IMPLEMENTED_OR_NOT_AUTHORIZED","SELF_ASSERTED","PENDING","BLOCKED_PENDING_GATES"
"US-CA-LOS_ANGELES:towing:breakdown-tow","13","towing","22","breakdown-tow","towing/breakdown-tow","CRITICAL","US-FMCSA-MOVER: Eyaletler arası household goods taşıma | US-CA-ARD: Ücretli diagnose, service veya repair; mobile/referral/sublet dahil","[{""key"":""GLOBAL-EVIDENCE-CHAIN"",""trigger"":""Her zorunlu credential""},{""key"":""GLOBAL-IDENTITY-ENTITY"",""trigger"":""Her sağlayıcı""},{""key"":""GLOBAL-LOCAL-LAW-TEXT"",""trigger"":""Her rule-pack ve kullanıcı metni""},{""key"":""US-CA-LA-BASE"",""trigger"":""Los Angeles’ta her ticari sağlayıcı""},{""key"":""US-CA-TOW"",""trigger"":""Ücretli towing/vehicle transport""}]","[{""key"":""US-CA-ARD"",""trigger"":""Ücretli diagnose, service veya repair; mobile/referral/sublet dahil"",""condition"":""US-FMCSA-MOVER: Eyaletler arası household goods taşıma | US-CA-ARD: Ücretli diagnose, service veya repair; mobile/referral/sublet dahil""},{""key"":""US-FMCSA-MOVER"",""trigger"":""Eyaletler arası household goods taşıma"",""condition"":""US-FMCSA-MOVER: Eyaletler arası household goods taşıma | US-CA-ARD: Ücretli diagnose, service veya repair; mobile/referral/sublet dahil""}]","[{""subjectType"":""PERSON"",""required"":true},{""subjectType"":""BUSINESS"",""required"":true},{""subjectType"":""VEHICLE"",""required"":true},{""subjectType"":""SITE"",""required"":true},{""subjectType"":""OPERATOR"",""required"":true},{""subjectType"":""PERSON"",""required"":true},{""subjectType"":""BUSINESS"",""required"":true},{""subjectType"":""POLICY"",""required"":true},{""subjectType"":""BUSINESS"",""required"":true},{""subjectType"":""VEHICLE"",""required"":true},{""subjectType"":""SITE"",""required"":true},{""subjectType"":""PERSON"",""required"":true},{""subjectType"":""BUSINESS"",""required"":true},{""subjectType"":""BUSINESS"",""required"":true},{""subjectType"":""DRIVER"",""required"":true},{""subjectType"":""VEHICLE"",""required"":true},{""subjectType"":""BUSINESS"",""required"":true},{""subjectType"":""DRIVER"",""required"":true},{""subjectType"":""VEHICLE"",""required"":true}]","CAPABILITY_BLOCKED","BLOCKED","COUNTRY_SCAFFOLD_ONLY,AI_RESEARCHED_UNVERIFIED,LOCAL_COUNSEL_NOT_REVIEWED,CONNECTOR_NOT_AUTHORIZED,PRODUCT_RELEASE_PENDING","AI_RESEARCHED_UNVERIFIED","NOT_REVIEWED","NOT_IMPLEMENTED_OR_NOT_AUTHORIZED","SELF_ASSERTED","PENDING","BLOCKED_PENDING_GATES"
"US-CA-LOS_ANGELES:towing:accident-tow","13","towing","46","accident-tow","towing/accident-tow","CRITICAL","US-FMCSA-MOVER: Eyaletler arası household goods taşıma | US-CA-ARD: Ücretli diagnose, service veya repair; mobile/referral/sublet dahil","[{""key"":""GLOBAL-EVIDENCE-CHAIN"",""trigger"":""Her zorunlu credential""},{""key"":""GLOBAL-IDENTITY-ENTITY"",""trigger"":""Her sağlayıcı""},{""key"":""GLOBAL-LOCAL-LAW-TEXT"",""trigger"":""Her rule-pack ve kullanıcı metni""},{""key"":""US-CA-LA-BASE"",""trigger"":""Los Angeles’ta her ticari sağlayıcı""},{""key"":""US-CA-TOW"",""trigger"":""Ücretli towing/vehicle transport""}]","[{""key"":""US-CA-ARD"",""trigger"":""Ücretli diagnose, service veya repair; mobile/referral/sublet dahil"",""condition"":""US-FMCSA-MOVER: Eyaletler arası household goods taşıma | US-CA-ARD: Ücretli diagnose, service veya repair; mobile/referral/sublet dahil""},{""key"":""US-FMCSA-MOVER"",""trigger"":""Eyaletler arası household goods taşıma"",""condition"":""US-FMCSA-MOVER: Eyaletler arası household goods taşıma | US-CA-ARD: Ücretli diagnose, service veya repair; mobile/referral/sublet dahil""}]","[{""subjectType"":""PERSON"",""required"":true},{""subjectType"":""BUSINESS"",""required"":true},{""subjectType"":""VEHICLE"",""required"":true},{""subjectType"":""SITE"",""required"":true},{""subjectType"":""OPERATOR"",""required"":true},{""subjectType"":""PERSON"",""required"":true},{""subjectType"":""BUSINESS"",""required"":true},{""subjectType"":""POLICY"",""required"":true},{""subjectType"":""BUSINESS"",""required"":true},{""subjectType"":""VEHICLE"",""required"":true},{""subjectType"":""SITE"",""required"":true},{""subjectType"":""PERSON"",""required"":true},{""subjectType"":""BUSINESS"",""required"":true},{""subjectType"":""BUSINESS"",""required"":true},{""subjectType"":""DRIVER"",""required"":true},{""subjectType"":""VEHICLE"",""required"":true},{""subjectType"":""BUSINESS"",""required"":true},{""subjectType"":""DRIVER"",""required"":true},{""subjectType"":""VEHICLE"",""required"":true}]","CAPABILITY_BLOCKED","BLOCKED","COUNTRY_SCAFFOLD_ONLY,AI_RESEARCHED_UNVERIFIED,LOCAL_COUNSEL_NOT_REVIEWED,CONNECTOR_NOT_AUTHORIZED,PRODUCT_RELEASE_PENDING","AI_RESEARCHED_UNVERIFIED","NOT_REVIEWED","NOT_IMPLEMENTED_OR_NOT_AUTHORIZED","SELF_ASSERTED","PENDING","BLOCKED_PENDING_GATES"
"US-CA-LOS_ANGELES:courier:moto-courier","14","courier","23","moto-courier","courier/moto-courier","CRITICAL","US-FMCSA-MOVER: Eyaletler arası household goods taşıma","[{""key"":""GLOBAL-EVIDENCE-CHAIN"",""trigger"":""Her zorunlu credential""},{""key"":""GLOBAL-IDENTITY-ENTITY"",""trigger"":""Her sağlayıcı""},{""key"":""GLOBAL-LOCAL-LAW-TEXT"",""trigger"":""Her rule-pack ve kullanıcı metni""},{""key"":""US-CA-LA-BASE"",""trigger"":""Los Angeles’ta her ticari sağlayıcı""},{""key"":""US-CA-MCP"",""trigger"":""Ücret karşılığı müşteri malı taşıma; motorcycle courier dahil""}]","[{""key"":""US-FMCSA-MOVER"",""trigger"":""Eyaletler arası household goods taşıma"",""condition"":""US-FMCSA-MOVER: Eyaletler arası household goods taşıma""}]","[{""subjectType"":""PERSON"",""required"":true},{""subjectType"":""BUSINESS"",""required"":true},{""subjectType"":""VEHICLE"",""required"":true},{""subjectType"":""SITE"",""required"":true},{""subjectType"":""OPERATOR"",""required"":true},{""subjectType"":""PERSON"",""required"":true},{""subjectType"":""BUSINESS"",""required"":true},{""subjectType"":""POLICY"",""required"":true},{""subjectType"":""PERSON"",""required"":true},{""subjectType"":""BUSINESS"",""required"":true},{""subjectType"":""BUSINESS"",""required"":true},{""subjectType"":""DRIVER"",""required"":true},{""subjectType"":""VEHICLE"",""required"":true},{""subjectType"":""BUSINESS"",""required"":true},{""subjectType"":""DRIVER"",""required"":true},{""subjectType"":""VEHICLE"",""required"":true}]","CAPABILITY_BLOCKED","BLOCKED","COUNTRY_SCAFFOLD_ONLY,AI_RESEARCHED_UNVERIFIED,LOCAL_COUNSEL_NOT_REVIEWED,CONNECTOR_NOT_AUTHORIZED,PRODUCT_RELEASE_PENDING","AI_RESEARCHED_UNVERIFIED","NOT_REVIEWED","NOT_IMPLEMENTED_OR_NOT_AUTHORIZED","SELF_ASSERTED","PENDING","BLOCKED_PENDING_GATES"
"US-CA-LOS_ANGELES:courier:parcel-courier","14","courier","35","parcel-courier","courier/parcel-courier","CRITICAL","US-FMCSA-MOVER: Eyaletler arası household goods taşıma","[{""key"":""GLOBAL-EVIDENCE-CHAIN"",""trigger"":""Her zorunlu credential""},{""key"":""GLOBAL-IDENTITY-ENTITY"",""trigger"":""Her sağlayıcı""},{""key"":""GLOBAL-LOCAL-LAW-TEXT"",""trigger"":""Her rule-pack ve kullanıcı metni""},{""key"":""US-CA-LA-BASE"",""trigger"":""Los Angeles’ta her ticari sağlayıcı""},{""key"":""US-CA-MCP"",""trigger"":""Ücret karşılığı müşteri malı taşıma; motorcycle courier dahil""}]","[{""key"":""US-FMCSA-MOVER"",""trigger"":""Eyaletler arası household goods taşıma"",""condition"":""US-FMCSA-MOVER: Eyaletler arası household goods taşıma""}]","[{""subjectType"":""PERSON"",""required"":true},{""subjectType"":""BUSINESS"",""required"":true},{""subjectType"":""VEHICLE"",""required"":true},{""subjectType"":""SITE"",""required"":true},{""subjectType"":""OPERATOR"",""required"":true},{""subjectType"":""PERSON"",""required"":true},{""subjectType"":""BUSINESS"",""required"":true},{""subjectType"":""POLICY"",""required"":true},{""subjectType"":""PERSON"",""required"":true},{""subjectType"":""BUSINESS"",""required"":true},{""subjectType"":""BUSINESS"",""required"":true},{""subjectType"":""DRIVER"",""required"":true},{""subjectType"":""VEHICLE"",""required"":true},{""subjectType"":""BUSINESS"",""required"":true},{""subjectType"":""DRIVER"",""required"":true},{""subjectType"":""VEHICLE"",""required"":true}]","CAPABILITY_BLOCKED","BLOCKED","COUNTRY_SCAFFOLD_ONLY,AI_RESEARCHED_UNVERIFIED,LOCAL_COUNSEL_NOT_REVIEWED,CONNECTOR_NOT_AUTHORIZED,PRODUCT_RELEASE_PENDING","AI_RESEARCHED_UNVERIFIED","NOT_REVIEWED","NOT_IMPLEMENTED_OR_NOT_AUTHORIZED","SELF_ASSERTED","PENDING","BLOCKED_PENDING_GATES"
"US-CA-LOS_ANGELES:courier:scheduled-delivery","14","courier","47","scheduled-delivery","courier/scheduled-delivery","CRITICAL","US-FMCSA-MOVER: Eyaletler arası household goods taşıma","[{""key"":""GLOBAL-EVIDENCE-CHAIN"",""trigger"":""Her zorunlu credential""},{""key"":""GLOBAL-IDENTITY-ENTITY"",""trigger"":""Her sağlayıcı""},{""key"":""GLOBAL-LOCAL-LAW-TEXT"",""trigger"":""Her rule-pack ve kullanıcı metni""},{""key"":""US-CA-LA-BASE"",""trigger"":""Los Angeles’ta her ticari sağlayıcı""},{""key"":""US-CA-MCP"",""trigger"":""Ücret karşılığı müşteri malı taşıma; motorcycle courier dahil""}]","[{""key"":""US-FMCSA-MOVER"",""trigger"":""Eyaletler arası household goods taşıma"",""condition"":""US-FMCSA-MOVER: Eyaletler arası household goods taşıma""}]","[{""subjectType"":""PERSON"",""required"":true},{""subjectType"":""BUSINESS"",""required"":true},{""subjectType"":""VEHICLE"",""required"":true},{""subjectType"":""SITE"",""required"":true},{""subjectType"":""OPERATOR"",""required"":true},{""subjectType"":""PERSON"",""required"":true},{""subjectType"":""BUSINESS"",""required"":true},{""subjectType"":""POLICY"",""required"":true},{""subjectType"":""PERSON"",""required"":true},{""subjectType"":""BUSINESS"",""required"":true},{""subjectType"":""BUSINESS"",""required"":true},{""subjectType"":""DRIVER"",""required"":true},{""subjectType"":""VEHICLE"",""required"":true},{""subjectType"":""BUSINESS"",""required"":true},{""subjectType"":""DRIVER"",""required"":true},{""subjectType"":""VEHICLE"",""required"":true}]","CAPABILITY_BLOCKED","BLOCKED","COUNTRY_SCAFFOLD_ONLY,AI_RESEARCHED_UNVERIFIED,LOCAL_COUNSEL_NOT_REVIEWED,CONNECTOR_NOT_AUTHORIZED,PRODUCT_RELEASE_PENDING","AI_RESEARCHED_UNVERIFIED","NOT_REVIEWED","NOT_IMPLEMENTED_OR_NOT_AUTHORIZED","SELF_ASSERTED","PENDING","BLOCKED_PENDING_GATES"
"US-CA-LOS_ANGELES:courier:document-courier","14","courier","58","document-courier","courier/document-courier","CRITICAL","US-FMCSA-MOVER: Eyaletler arası household goods taşıma","[{""key"":""GLOBAL-EVIDENCE-CHAIN"",""trigger"":""Her zorunlu credential""},{""key"":""GLOBAL-IDENTITY-ENTITY"",""trigger"":""Her sağlayıcı""},{""key"":""GLOBAL-LOCAL-LAW-TEXT"",""trigger"":""Her rule-pack ve kullanıcı metni""},{""key"":""US-CA-LA-BASE"",""trigger"":""Los Angeles’ta her ticari sağlayıcı""},{""key"":""US-CA-MCP"",""trigger"":""Ücret karşılığı müşteri malı taşıma; motorcycle courier dahil""}]","[{""key"":""US-FMCSA-MOVER"",""trigger"":""Eyaletler arası household goods taşıma"",""condition"":""US-FMCSA-MOVER: Eyaletler arası household goods taşıma""}]","[{""subjectType"":""PERSON"",""required"":true},{""subjectType"":""BUSINESS"",""required"":true},{""subjectType"":""VEHICLE"",""required"":true},{""subjectType"":""SITE"",""required"":true},{""subjectType"":""OPERATOR"",""required"":true},{""subjectType"":""PERSON"",""required"":true},{""subjectType"":""BUSINESS"",""required"":true},{""subjectType"":""POLICY"",""required"":true},{""subjectType"":""PERSON"",""required"":true},{""subjectType"":""BUSINESS"",""required"":true},{""subjectType"":""BUSINESS"",""required"":true},{""subjectType"":""DRIVER"",""required"":true},{""subjectType"":""VEHICLE"",""required"":true},{""subjectType"":""BUSINESS"",""required"":true},{""subjectType"":""DRIVER"",""required"":true},{""subjectType"":""VEHICLE"",""required"":true}]","CAPABILITY_BLOCKED","BLOCKED","COUNTRY_SCAFFOLD_ONLY,AI_RESEARCHED_UNVERIFIED,LOCAL_COUNSEL_NOT_REVIEWED,CONNECTOR_NOT_AUTHORIZED,PRODUCT_RELEASE_PENDING","AI_RESEARCHED_UNVERIFIED","NOT_REVIEWED","NOT_IMPLEMENTED_OR_NOT_AUTHORIZED","SELF_ASSERTED","PENDING","BLOCKED_PENDING_GATES"
"US-CA-LOS_ANGELES:roadside:battery-jump","15","roadside","11","battery-jump","roadside/battery-jump","CRITICAL","US-CA-TOW: Ücretli towing/vehicle transport","[{""key"":""GLOBAL-EVIDENCE-CHAIN"",""trigger"":""Her zorunlu credential""},{""key"":""GLOBAL-IDENTITY-ENTITY"",""trigger"":""Her sağlayıcı""},{""key"":""GLOBAL-LOCAL-LAW-TEXT"",""trigger"":""Her rule-pack ve kullanıcı metni""},{""key"":""US-CA-LA-BASE"",""trigger"":""Los Angeles’ta her ticari sağlayıcı""},{""key"":""US-CA-ROAD-BASIC"",""trigger"":""Sadece jump-start, güvenli lastik değişimi veya sınırlı yakıt teslimi; teşhis/onarım/towing yok""}]","[{""key"":""US-CA-TOW"",""trigger"":""Ücretli towing/vehicle transport"",""condition"":""US-CA-TOW: Ücretli towing/vehicle transport""}]","[{""subjectType"":""PERSON"",""required"":true},{""subjectType"":""BUSINESS"",""required"":true},{""subjectType"":""VEHICLE"",""required"":true},{""subjectType"":""SITE"",""required"":true},{""subjectType"":""OPERATOR"",""required"":true},{""subjectType"":""PERSON"",""required"":true},{""subjectType"":""BUSINESS"",""required"":true},{""subjectType"":""POLICY"",""required"":true},{""subjectType"":""PERSON"",""required"":true},{""subjectType"":""BUSINESS"",""required"":true},{""subjectType"":""BUSINESS"",""required"":true},{""subjectType"":""DRIVER"",""required"":true},{""subjectType"":""VEHICLE"",""required"":true},{""subjectType"":""BUSINESS"",""required"":true},{""subjectType"":""DRIVER"",""required"":true},{""subjectType"":""VEHICLE"",""required"":true}]","CAPABILITY_BLOCKED","BLOCKED","COUNTRY_SCAFFOLD_ONLY,AI_RESEARCHED_UNVERIFIED,LOCAL_COUNSEL_NOT_REVIEWED,CONNECTOR_NOT_AUTHORIZED,PRODUCT_RELEASE_PENDING","AI_RESEARCHED_UNVERIFIED","NOT_REVIEWED","NOT_IMPLEMENTED_OR_NOT_AUTHORIZED","SELF_ASSERTED","PENDING","BLOCKED_PENDING_GATES"
"US-CA-LOS_ANGELES:roadside:minor-repair","15","roadside","24","minor-repair","roadside/minor-repair","CRITICAL","US-CA-TOW: Ücretli towing/vehicle transport","[{""key"":""GLOBAL-EVIDENCE-CHAIN"",""trigger"":""Her zorunlu credential""},{""key"":""GLOBAL-IDENTITY-ENTITY"",""trigger"":""Her sağlayıcı""},{""key"":""GLOBAL-LOCAL-LAW-TEXT"",""trigger"":""Her rule-pack ve kullanıcı metni""},{""key"":""US-CA-ARD"",""trigger"":""Ücretli diagnose, service veya repair; mobile/referral/sublet dahil""},{""key"":""US-CA-LA-BASE"",""trigger"":""Los Angeles’ta her ticari sağlayıcı""},{""key"":""US-CA-ROAD-BASIC"",""trigger"":""Sadece jump-start, güvenli lastik değişimi veya sınırlı yakıt teslimi; teşhis/onarım/towing yok""}]","[{""key"":""US-CA-TOW"",""trigger"":""Ücretli towing/vehicle transport"",""condition"":""US-CA-TOW: Ücretli towing/vehicle transport""}]","[{""subjectType"":""PERSON"",""required"":true},{""subjectType"":""BUSINESS"",""required"":true},{""subjectType"":""VEHICLE"",""required"":true},{""subjectType"":""SITE"",""required"":true},{""subjectType"":""OPERATOR"",""required"":true},{""subjectType"":""PERSON"",""required"":true},{""subjectType"":""BUSINESS"",""required"":true},{""subjectType"":""POLICY"",""required"":true},{""subjectType"":""BUSINESS"",""required"":true},{""subjectType"":""VEHICLE"",""required"":true},{""subjectType"":""SITE"",""required"":true},{""subjectType"":""PERSON"",""required"":true},{""subjectType"":""BUSINESS"",""required"":true},{""subjectType"":""BUSINESS"",""required"":true},{""subjectType"":""DRIVER"",""required"":true},{""subjectType"":""VEHICLE"",""required"":true},{""subjectType"":""BUSINESS"",""required"":true},{""subjectType"":""DRIVER"",""required"":true},{""subjectType"":""VEHICLE"",""required"":true}]","CAPABILITY_BLOCKED","BLOCKED","COUNTRY_SCAFFOLD_ONLY,AI_RESEARCHED_UNVERIFIED,LOCAL_COUNSEL_NOT_REVIEWED,CONNECTOR_NOT_AUTHORIZED,PRODUCT_RELEASE_PENDING","AI_RESEARCHED_UNVERIFIED","NOT_REVIEWED","NOT_IMPLEMENTED_OR_NOT_AUTHORIZED","SELF_ASSERTED","PENDING","BLOCKED_PENDING_GATES"
"US-CA-LOS_ANGELES:roadside:fuel-delivery","15","roadside","36","fuel-delivery","roadside/fuel-delivery","CRITICAL","US-CA-TOW: Ücretli towing/vehicle transport","[{""key"":""GLOBAL-EVIDENCE-CHAIN"",""trigger"":""Her zorunlu credential""},{""key"":""GLOBAL-IDENTITY-ENTITY"",""trigger"":""Her sağlayıcı""},{""key"":""GLOBAL-LOCAL-LAW-TEXT"",""trigger"":""Her rule-pack ve kullanıcı metni""},{""key"":""US-CA-LA-BASE"",""trigger"":""Los Angeles’ta her ticari sağlayıcı""},{""key"":""US-CA-ROAD-BASIC"",""trigger"":""Sadece jump-start, güvenli lastik değişimi veya sınırlı yakıt teslimi; teşhis/onarım/towing yok""}]","[{""key"":""US-CA-TOW"",""trigger"":""Ücretli towing/vehicle transport"",""condition"":""US-CA-TOW: Ücretli towing/vehicle transport""}]","[{""subjectType"":""PERSON"",""required"":true},{""subjectType"":""BUSINESS"",""required"":true},{""subjectType"":""VEHICLE"",""required"":true},{""subjectType"":""SITE"",""required"":true},{""subjectType"":""OPERATOR"",""required"":true},{""subjectType"":""PERSON"",""required"":true},{""subjectType"":""BUSINESS"",""required"":true},{""subjectType"":""POLICY"",""required"":true},{""subjectType"":""PERSON"",""required"":true},{""subjectType"":""BUSINESS"",""required"":true},{""subjectType"":""BUSINESS"",""required"":true},{""subjectType"":""DRIVER"",""required"":true},{""subjectType"":""VEHICLE"",""required"":true},{""subjectType"":""BUSINESS"",""required"":true},{""subjectType"":""DRIVER"",""required"":true},{""subjectType"":""VEHICLE"",""required"":true}]","CAPABILITY_BLOCKED","BLOCKED","COUNTRY_SCAFFOLD_ONLY,AI_RESEARCHED_UNVERIFIED,LOCAL_COUNSEL_NOT_REVIEWED,CONNECTOR_NOT_AUTHORIZED,PRODUCT_RELEASE_PENDING","AI_RESEARCHED_UNVERIFIED","NOT_REVIEWED","NOT_IMPLEMENTED_OR_NOT_AUTHORIZED","SELF_ASSERTED","PENDING","BLOCKED_PENDING_GATES"
"US-CA-LOS_ANGELES:roadside:tire-change","15","roadside","59","tire-change","roadside/tire-change","CRITICAL","US-CA-TOW: Ücretli towing/vehicle transport","[{""key"":""GLOBAL-EVIDENCE-CHAIN"",""trigger"":""Her zorunlu credential""},{""key"":""GLOBAL-IDENTITY-ENTITY"",""trigger"":""Her sağlayıcı""},{""key"":""GLOBAL-LOCAL-LAW-TEXT"",""trigger"":""Her rule-pack ve kullanıcı metni""},{""key"":""US-CA-ARD"",""trigger"":""Ücretli diagnose, service veya repair; mobile/referral/sublet dahil""},{""key"":""US-CA-LA-BASE"",""trigger"":""Los Angeles’ta her ticari sağlayıcı""},{""key"":""US-CA-ROAD-BASIC"",""trigger"":""Sadece jump-start, güvenli lastik değişimi veya sınırlı yakıt teslimi; teşhis/onarım/towing yok""}]","[{""key"":""US-CA-TOW"",""trigger"":""Ücretli towing/vehicle transport"",""condition"":""US-CA-TOW: Ücretli towing/vehicle transport""}]","[{""subjectType"":""PERSON"",""required"":true},{""subjectType"":""BUSINESS"",""required"":true},{""subjectType"":""VEHICLE"",""required"":true},{""subjectType"":""SITE"",""required"":true},{""subjectType"":""OPERATOR"",""required"":true},{""subjectType"":""PERSON"",""required"":true},{""subjectType"":""BUSINESS"",""required"":true},{""subjectType"":""POLICY"",""required"":true},{""subjectType"":""BUSINESS"",""required"":true},{""subjectType"":""VEHICLE"",""required"":true},{""subjectType"":""SITE"",""required"":true},{""subjectType"":""PERSON"",""required"":true},{""subjectType"":""BUSINESS"",""required"":true},{""subjectType"":""BUSINESS"",""required"":true},{""subjectType"":""DRIVER"",""required"":true},{""subjectType"":""VEHICLE"",""required"":true},{""subjectType"":""BUSINESS"",""required"":true},{""subjectType"":""DRIVER"",""required"":true},{""subjectType"":""VEHICLE"",""required"":true}]","CAPABILITY_BLOCKED","BLOCKED","COUNTRY_SCAFFOLD_ONLY,AI_RESEARCHED_UNVERIFIED,LOCAL_COUNSEL_NOT_REVIEWED,CONNECTOR_NOT_AUTHORIZED,PRODUCT_RELEASE_PENDING","AI_RESEARCHED_UNVERIFIED","NOT_REVIEWED","NOT_IMPLEMENTED_OR_NOT_AUTHORIZED","SELF_ASSERTED","PENDING","BLOCKED_PENDING_GATES"
"US-CA-LOS_ANGELES:home-repair:drywall-repair","60002","home-repair","12","drywall-repair","home-repair/drywall-repair","CRITICAL","US-EPA-RRP: 1978 öncesi konut/child-occupied facility’de ücretli renovation ile boyalı yüzey bozma; federal eşik ve istisnalar uygulanır | US-CA-ASBESTOS: Asbestos >0.1% ve düzenlenen alan/iş eşiği veya diğer asbestos trigger | US-CA-C10: Elektrik tesisatı/onarımı | US-CA-C36: Plumbing işinde contractor tetikleri veya platform ilanı","[{""key"":""GLOBAL-EVIDENCE-CHAIN"",""trigger"":""Her zorunlu credential""},{""key"":""GLOBAL-IDENTITY-ENTITY"",""trigger"":""Her sağlayıcı""},{""key"":""GLOBAL-LOCAL-LAW-TEXT"",""trigger"":""Her rule-pack ve kullanıcı metni""},{""key"":""US-CA-CONTRACTOR-CLASS"",""trigger"":""İş permit gerektiriyorsa, çalışan kullanılıyorsa veya labor+materials toplamı $1.000+ ise; platformda contractor olarak reklam minor exemption’ı kaldırabilir""},{""key"":""US-CA-HOME-REPAIR"",""trigger"":""Mobilya sabitleme/imalat, drywall, kapı-pencere veya general handyman işi contractor kapsamına giriyorsa""},{""key"":""US-CA-LA-BASE"",""trigger"":""Los Angeles’ta her ticari sağlayıcı""}]","[{""key"":""US-CA-ASBESTOS"",""trigger"":""Asbestos >0.1% ve düzenlenen alan/iş eşiği veya diğer asbestos trigger"",""condition"":""US-EPA-RRP: 1978 öncesi konut/child-occupied facility’de ücretli renovation ile boyalı yüzey bozma; federal eşik ve istisnalar uygulanır | US-CA-ASBESTOS: Asbestos >0.1% ve düzenlenen alan/iş eşiği veya diğer asbestos trigger | US-CA-C10: Elektrik tesisatı/onarımı | US-CA-C36: Plumbing işinde contractor tetikleri veya platform ilanı""},{""key"":""US-CA-C10"",""trigger"":""Elektrik tesisatı/onarımı"",""condition"":""US-EPA-RRP: 1978 öncesi konut/child-occupied facility’de ücretli renovation ile boyalı yüzey bozma; federal eşik ve istisnalar uygulanır | US-CA-ASBESTOS: Asbestos >0.1% ve düzenlenen alan/iş eşiği veya diğer asbestos trigger | US-CA-C10: Elektrik tesisatı/onarımı | US-CA-C36: Plumbing işinde contractor tetikleri veya platform ilanı""},{""key"":""US-CA-C36"",""trigger"":""Plumbing işinde contractor tetikleri veya platform ilanı"",""condition"":""US-EPA-RRP: 1978 öncesi konut/child-occupied facility’de ücretli renovation ile boyalı yüzey bozma; federal eşik ve istisnalar uygulanır | US-CA-ASBESTOS: Asbestos >0.1% ve düzenlenen alan/iş eşiği veya diğer asbestos trigger | US-CA-C10: Elektrik tesisatı/onarımı | US-CA-C36: Plumbing işinde contractor tetikleri veya platform ilanı""},{""key"":""US-EPA-RRP"",""trigger"":""1978 öncesi konut/child-occupied facility’de ücretli renovation ile boyalı yüzey bozma; federal eşik ve istisnalar uygulanır"",""condition"":""US-EPA-RRP: 1978 öncesi konut/child-occupied facility’de ücretli renovation ile boyalı yüzey bozma; federal eşik ve istisnalar uygulanır | US-CA-ASBESTOS: Asbestos >0.1% ve düzenlenen alan/iş eşiği veya diğer asbestos trigger | US-CA-C10: Elektrik tesisatı/onarımı | US-CA-C36: Plumbing işinde contractor tetikleri veya platform ilanı""}]","[{""subjectType"":""PERSON"",""required"":true},{""subjectType"":""BUSINESS"",""required"":true},{""subjectType"":""VEHICLE"",""required"":true},{""subjectType"":""SITE"",""required"":true},{""subjectType"":""OPERATOR"",""required"":true},{""subjectType"":""PERSON"",""required"":true},{""subjectType"":""BUSINESS"",""required"":true},{""subjectType"":""POLICY"",""required"":true},{""subjectType"":""PERSON"",""required"":true},{""subjectType"":""BUSINESS"",""required"":true},{""subjectType"":""SITE"",""required"":true},{""subjectType"":""BUSINESS"",""required"":true},{""subjectType"":""QUALIFIER"",""required"":true},{""subjectType"":""BUSINESS"",""required"":true},{""subjectType"":""QUALIFIER"",""required"":true},{""subjectType"":""BUSINESS"",""required"":true},{""subjectType"":""QUALIFIER"",""required"":true},{""subjectType"":""BUSINESS"",""required"":true},{""subjectType"":""QUALIFIER"",""required"":true},{""subjectType"":""PERSON"",""required"":true},{""subjectType"":""BUSINESS"",""required"":true},{""subjectType"":""PERSON"",""required"":true},{""subjectType"":""BUSINESS"",""required"":true},{""subjectType"":""SITE"",""required"":true}]","CAPABILITY_BLOCKED","BLOCKED","COUNTRY_SCAFFOLD_ONLY,AI_RESEARCHED_UNVERIFIED,LOCAL_COUNSEL_NOT_REVIEWED,CONNECTOR_NOT_AUTHORIZED,PRODUCT_RELEASE_PENDING","AI_RESEARCHED_UNVERIFIED","NOT_REVIEWED","NOT_IMPLEMENTED_OR_NOT_AUTHORIZED","SELF_ASSERTED","PENDING","BLOCKED_PENDING_GATES"
"US-CA-LOS_ANGELES:home-repair:general-handyman","60002","home-repair","37","general-handyman","home-repair/general-handyman","CRITICAL","US-EPA-RRP: 1978 öncesi konut/child-occupied facility’de ücretli renovation ile boyalı yüzey bozma; federal eşik ve istisnalar uygulanır | US-CA-ASBESTOS: Asbestos >0.1% ve düzenlenen alan/iş eşiği veya diğer asbestos trigger | US-CA-C10: Elektrik tesisatı/onarımı | US-CA-C36: Plumbing işinde contractor tetikleri veya platform ilanı","[{""key"":""GLOBAL-EVIDENCE-CHAIN"",""trigger"":""Her zorunlu credential""},{""key"":""GLOBAL-IDENTITY-ENTITY"",""trigger"":""Her sağlayıcı""},{""key"":""GLOBAL-LOCAL-LAW-TEXT"",""trigger"":""Her rule-pack ve kullanıcı metni""},{""key"":""US-CA-CONTRACTOR-CLASS"",""trigger"":""İş permit gerektiriyorsa, çalışan kullanılıyorsa veya labor+materials toplamı $1.000+ ise; platformda contractor olarak reklam minor exemption’ı kaldırabilir""},{""key"":""US-CA-HOME-REPAIR"",""trigger"":""Mobilya sabitleme/imalat, drywall, kapı-pencere veya general handyman işi contractor kapsamına giriyorsa""},{""key"":""US-CA-LA-BASE"",""trigger"":""Los Angeles’ta her ticari sağlayıcı""}]","[{""key"":""US-CA-ASBESTOS"",""trigger"":""Asbestos >0.1% ve düzenlenen alan/iş eşiği veya diğer asbestos trigger"",""condition"":""US-EPA-RRP: 1978 öncesi konut/child-occupied facility’de ücretli renovation ile boyalı yüzey bozma; federal eşik ve istisnalar uygulanır | US-CA-ASBESTOS: Asbestos >0.1% ve düzenlenen alan/iş eşiği veya diğer asbestos trigger | US-CA-C10: Elektrik tesisatı/onarımı | US-CA-C36: Plumbing işinde contractor tetikleri veya platform ilanı""},{""key"":""US-CA-C10"",""trigger"":""Elektrik tesisatı/onarımı"",""condition"":""US-EPA-RRP: 1978 öncesi konut/child-occupied facility’de ücretli renovation ile boyalı yüzey bozma; federal eşik ve istisnalar uygulanır | US-CA-ASBESTOS: Asbestos >0.1% ve düzenlenen alan/iş eşiği veya diğer asbestos trigger | US-CA-C10: Elektrik tesisatı/onarımı | US-CA-C36: Plumbing işinde contractor tetikleri veya platform ilanı""},{""key"":""US-CA-C36"",""trigger"":""Plumbing işinde contractor tetikleri veya platform ilanı"",""condition"":""US-EPA-RRP: 1978 öncesi konut/child-occupied facility’de ücretli renovation ile boyalı yüzey bozma; federal eşik ve istisnalar uygulanır | US-CA-ASBESTOS: Asbestos >0.1% ve düzenlenen alan/iş eşiği veya diğer asbestos trigger | US-CA-C10: Elektrik tesisatı/onarımı | US-CA-C36: Plumbing işinde contractor tetikleri veya platform ilanı""},{""key"":""US-EPA-RRP"",""trigger"":""1978 öncesi konut/child-occupied facility’de ücretli renovation ile boyalı yüzey bozma; federal eşik ve istisnalar uygulanır"",""condition"":""US-EPA-RRP: 1978 öncesi konut/child-occupied facility’de ücretli renovation ile boyalı yüzey bozma; federal eşik ve istisnalar uygulanır | US-CA-ASBESTOS: Asbestos >0.1% ve düzenlenen alan/iş eşiği veya diğer asbestos trigger | US-CA-C10: Elektrik tesisatı/onarımı | US-CA-C36: Plumbing işinde contractor tetikleri veya platform ilanı""}]","[{""subjectType"":""PERSON"",""required"":true},{""subjectType"":""BUSINESS"",""required"":true},{""subjectType"":""VEHICLE"",""required"":true},{""subjectType"":""SITE"",""required"":true},{""subjectType"":""OPERATOR"",""required"":true},{""subjectType"":""PERSON"",""required"":true},{""subjectType"":""BUSINESS"",""required"":true},{""subjectType"":""POLICY"",""required"":true},{""subjectType"":""PERSON"",""required"":true},{""subjectType"":""BUSINESS"",""required"":true},{""subjectType"":""SITE"",""required"":true},{""subjectType"":""BUSINESS"",""required"":true},{""subjectType"":""QUALIFIER"",""required"":true},{""subjectType"":""BUSINESS"",""required"":true},{""subjectType"":""QUALIFIER"",""required"":true},{""subjectType"":""BUSINESS"",""required"":true},{""subjectType"":""QUALIFIER"",""required"":true},{""subjectType"":""BUSINESS"",""required"":true},{""subjectType"":""QUALIFIER"",""required"":true},{""subjectType"":""PERSON"",""required"":true},{""subjectType"":""BUSINESS"",""required"":true},{""subjectType"":""PERSON"",""required"":true},{""subjectType"":""BUSINESS"",""required"":true},{""subjectType"":""SITE"",""required"":true}]","CAPABILITY_BLOCKED","BLOCKED","COUNTRY_SCAFFOLD_ONLY,AI_RESEARCHED_UNVERIFIED,LOCAL_COUNSEL_NOT_REVIEWED,CONNECTOR_NOT_AUTHORIZED,PRODUCT_RELEASE_PENDING","AI_RESEARCHED_UNVERIFIED","NOT_REVIEWED","NOT_IMPLEMENTED_OR_NOT_AUTHORIZED","SELF_ASSERTED","PENDING","BLOCKED_PENDING_GATES"
"US-CA-LOS_ANGELES:home-repair:furniture-assembly","60002","home-repair","48","furniture-assembly","home-repair/furniture-assembly","CRITICAL","US-EPA-RRP: 1978 öncesi konut/child-occupied facility’de ücretli renovation ile boyalı yüzey bozma; federal eşik ve istisnalar uygulanır | US-CA-ASBESTOS: Asbestos >0.1% ve düzenlenen alan/iş eşiği veya diğer asbestos trigger | US-CA-C10: Elektrik tesisatı/onarımı | US-CA-C36: Plumbing işinde contractor tetikleri veya platform ilanı","[{""key"":""GLOBAL-EVIDENCE-CHAIN"",""trigger"":""Her zorunlu credential""},{""key"":""GLOBAL-IDENTITY-ENTITY"",""trigger"":""Her sağlayıcı""},{""key"":""GLOBAL-LOCAL-LAW-TEXT"",""trigger"":""Her rule-pack ve kullanıcı metni""},{""key"":""US-CA-CONTRACTOR-CLASS"",""trigger"":""İş permit gerektiriyorsa, çalışan kullanılıyorsa veya labor+materials toplamı $1.000+ ise; platformda contractor olarak reklam minor exemption’ı kaldırabilir""},{""key"":""US-CA-HOME-REPAIR"",""trigger"":""Mobilya sabitleme/imalat, drywall, kapı-pencere veya general handyman işi contractor kapsamına giriyorsa""},{""key"":""US-CA-LA-BASE"",""trigger"":""Los Angeles’ta her ticari sağlayıcı""}]","[{""key"":""US-CA-ASBESTOS"",""trigger"":""Asbestos >0.1% ve düzenlenen alan/iş eşiği veya diğer asbestos trigger"",""condition"":""US-EPA-RRP: 1978 öncesi konut/child-occupied facility’de ücretli renovation ile boyalı yüzey bozma; federal eşik ve istisnalar uygulanır | US-CA-ASBESTOS: Asbestos >0.1% ve düzenlenen alan/iş eşiği veya diğer asbestos trigger | US-CA-C10: Elektrik tesisatı/onarımı | US-CA-C36: Plumbing işinde contractor tetikleri veya platform ilanı""},{""key"":""US-CA-C10"",""trigger"":""Elektrik tesisatı/onarımı"",""condition"":""US-EPA-RRP: 1978 öncesi konut/child-occupied facility’de ücretli renovation ile boyalı yüzey bozma; federal eşik ve istisnalar uygulanır | US-CA-ASBESTOS: Asbestos >0.1% ve düzenlenen alan/iş eşiği veya diğer asbestos trigger | US-CA-C10: Elektrik tesisatı/onarımı | US-CA-C36: Plumbing işinde contractor tetikleri veya platform ilanı""},{""key"":""US-CA-C36"",""trigger"":""Plumbing işinde contractor tetikleri veya platform ilanı"",""condition"":""US-EPA-RRP: 1978 öncesi konut/child-occupied facility’de ücretli renovation ile boyalı yüzey bozma; federal eşik ve istisnalar uygulanır | US-CA-ASBESTOS: Asbestos >0.1% ve düzenlenen alan/iş eşiği veya diğer asbestos trigger | US-CA-C10: Elektrik tesisatı/onarımı | US-CA-C36: Plumbing işinde contractor tetikleri veya platform ilanı""},{""key"":""US-EPA-RRP"",""trigger"":""1978 öncesi konut/child-occupied facility’de ücretli renovation ile boyalı yüzey bozma; federal eşik ve istisnalar uygulanır"",""condition"":""US-EPA-RRP: 1978 öncesi konut/child-occupied facility’de ücretli renovation ile boyalı yüzey bozma; federal eşik ve istisnalar uygulanır | US-CA-ASBESTOS: Asbestos >0.1% ve düzenlenen alan/iş eşiği veya diğer asbestos trigger | US-CA-C10: Elektrik tesisatı/onarımı | US-CA-C36: Plumbing işinde contractor tetikleri veya platform ilanı""}]","[{""subjectType"":""PERSON"",""required"":true},{""subjectType"":""BUSINESS"",""required"":true},{""subjectType"":""VEHICLE"",""required"":true},{""subjectType"":""SITE"",""required"":true},{""subjectType"":""OPERATOR"",""required"":true},{""subjectType"":""PERSON"",""required"":true},{""subjectType"":""BUSINESS"",""required"":true},{""subjectType"":""POLICY"",""required"":true},{""subjectType"":""PERSON"",""required"":true},{""subjectType"":""BUSINESS"",""required"":true},{""subjectType"":""SITE"",""required"":true},{""subjectType"":""BUSINESS"",""required"":true},{""subjectType"":""QUALIFIER"",""required"":true},{""subjectType"":""BUSINESS"",""required"":true},{""subjectType"":""QUALIFIER"",""required"":true},{""subjectType"":""BUSINESS"",""required"":true},{""subjectType"":""QUALIFIER"",""required"":true},{""subjectType"":""BUSINESS"",""required"":true},{""subjectType"":""QUALIFIER"",""required"":true},{""subjectType"":""PERSON"",""required"":true},{""subjectType"":""BUSINESS"",""required"":true},{""subjectType"":""PERSON"",""required"":true},{""subjectType"":""BUSINESS"",""required"":true},{""subjectType"":""SITE"",""required"":true}]","CAPABILITY_BLOCKED","BLOCKED","COUNTRY_SCAFFOLD_ONLY,AI_RESEARCHED_UNVERIFIED,LOCAL_COUNSEL_NOT_REVIEWED,CONNECTOR_NOT_AUTHORIZED,PRODUCT_RELEASE_PENDING","AI_RESEARCHED_UNVERIFIED","NOT_REVIEWED","NOT_IMPLEMENTED_OR_NOT_AUTHORIZED","SELF_ASSERTED","PENDING","BLOCKED_PENDING_GATES"
"US-CA-LOS_ANGELES:home-repair:door-window-repair","60002","home-repair","60","door-window-repair","home-repair/door-window-repair","CRITICAL","US-EPA-RRP: 1978 öncesi konut/child-occupied facility’de ücretli renovation ile boyalı yüzey bozma; federal eşik ve istisnalar uygulanır | US-CA-ASBESTOS: Asbestos >0.1% ve düzenlenen alan/iş eşiği veya diğer asbestos trigger | US-CA-C10: Elektrik tesisatı/onarımı | US-CA-C36: Plumbing işinde contractor tetikleri veya platform ilanı","[{""key"":""GLOBAL-EVIDENCE-CHAIN"",""trigger"":""Her zorunlu credential""},{""key"":""GLOBAL-IDENTITY-ENTITY"",""trigger"":""Her sağlayıcı""},{""key"":""GLOBAL-LOCAL-LAW-TEXT"",""trigger"":""Her rule-pack ve kullanıcı metni""},{""key"":""US-CA-CONTRACTOR-CLASS"",""trigger"":""İş permit gerektiriyorsa, çalışan kullanılıyorsa veya labor+materials toplamı $1.000+ ise; platformda contractor olarak reklam minor exemption’ı kaldırabilir""},{""key"":""US-CA-HOME-REPAIR"",""trigger"":""Mobilya sabitleme/imalat, drywall, kapı-pencere veya general handyman işi contractor kapsamına giriyorsa""},{""key"":""US-CA-LA-BASE"",""trigger"":""Los Angeles’ta her ticari sağlayıcı""}]","[{""key"":""US-CA-ASBESTOS"",""trigger"":""Asbestos >0.1% ve düzenlenen alan/iş eşiği veya diğer asbestos trigger"",""condition"":""US-EPA-RRP: 1978 öncesi konut/child-occupied facility’de ücretli renovation ile boyalı yüzey bozma; federal eşik ve istisnalar uygulanır | US-CA-ASBESTOS: Asbestos >0.1% ve düzenlenen alan/iş eşiği veya diğer asbestos trigger | US-CA-C10: Elektrik tesisatı/onarımı | US-CA-C36: Plumbing işinde contractor tetikleri veya platform ilanı""},{""key"":""US-CA-C10"",""trigger"":""Elektrik tesisatı/onarımı"",""condition"":""US-EPA-RRP: 1978 öncesi konut/child-occupied facility’de ücretli renovation ile boyalı yüzey bozma; federal eşik ve istisnalar uygulanır | US-CA-ASBESTOS: Asbestos >0.1% ve düzenlenen alan/iş eşiği veya diğer asbestos trigger | US-CA-C10: Elektrik tesisatı/onarımı | US-CA-C36: Plumbing işinde contractor tetikleri veya platform ilanı""},{""key"":""US-CA-C36"",""trigger"":""Plumbing işinde contractor tetikleri veya platform ilanı"",""condition"":""US-EPA-RRP: 1978 öncesi konut/child-occupied facility’de ücretli renovation ile boyalı yüzey bozma; federal eşik ve istisnalar uygulanır | US-CA-ASBESTOS: Asbestos >0.1% ve düzenlenen alan/iş eşiği veya diğer asbestos trigger | US-CA-C10: Elektrik tesisatı/onarımı | US-CA-C36: Plumbing işinde contractor tetikleri veya platform ilanı""},{""key"":""US-EPA-RRP"",""trigger"":""1978 öncesi konut/child-occupied facility’de ücretli renovation ile boyalı yüzey bozma; federal eşik ve istisnalar uygulanır"",""condition"":""US-EPA-RRP: 1978 öncesi konut/child-occupied facility’de ücretli renovation ile boyalı yüzey bozma; federal eşik ve istisnalar uygulanır | US-CA-ASBESTOS: Asbestos >0.1% ve düzenlenen alan/iş eşiği veya diğer asbestos trigger | US-CA-C10: Elektrik tesisatı/onarımı | US-CA-C36: Plumbing işinde contractor tetikleri veya platform ilanı""}]","[{""subjectType"":""PERSON"",""required"":true},{""subjectType"":""BUSINESS"",""required"":true},{""subjectType"":""VEHICLE"",""required"":true},{""subjectType"":""SITE"",""required"":true},{""subjectType"":""OPERATOR"",""required"":true},{""subjectType"":""PERSON"",""required"":true},{""subjectType"":""BUSINESS"",""required"":true},{""subjectType"":""POLICY"",""required"":true},{""subjectType"":""PERSON"",""required"":true},{""subjectType"":""BUSINESS"",""required"":true},{""subjectType"":""SITE"",""required"":true},{""subjectType"":""BUSINESS"",""required"":true},{""subjectType"":""QUALIFIER"",""required"":true},{""subjectType"":""BUSINESS"",""required"":true},{""subjectType"":""QUALIFIER"",""required"":true},{""subjectType"":""BUSINESS"",""required"":true},{""subjectType"":""QUALIFIER"",""required"":true},{""subjectType"":""BUSINESS"",""required"":true},{""subjectType"":""QUALIFIER"",""required"":true},{""subjectType"":""PERSON"",""required"":true},{""subjectType"":""BUSINESS"",""required"":true},{""subjectType"":""PERSON"",""required"":true},{""subjectType"":""BUSINESS"",""required"":true},{""subjectType"":""SITE"",""required"":true}]","CAPABILITY_BLOCKED","BLOCKED","COUNTRY_SCAFFOLD_ONLY,AI_RESEARCHED_UNVERIFIED,LOCAL_COUNSEL_NOT_REVIEWED,CONNECTOR_NOT_AUTHORIZED,PRODUCT_RELEASE_PENDING","AI_RESEARCHED_UNVERIFIED","NOT_REVIEWED","NOT_IMPLEMENTED_OR_NOT_AUTHORIZED","SELF_ASSERTED","PENDING","BLOCKED_PENDING_GATES"
"US-CA-LOS_ANGELES:automotive:tire-service","60003","automotive","13","tire-service","automotive/tire-service","CRITICAL","","[{""key"":""GLOBAL-EVIDENCE-CHAIN"",""trigger"":""Her zorunlu credential""},{""key"":""GLOBAL-IDENTITY-ENTITY"",""trigger"":""Her sağlayıcı""},{""key"":""GLOBAL-LOCAL-LAW-TEXT"",""trigger"":""Her rule-pack ve kullanıcı metni""},{""key"":""US-CA-ARD"",""trigger"":""Ücretli diagnose, service veya repair; mobile/referral/sublet dahil""},{""key"":""US-CA-LA-BASE"",""trigger"":""Los Angeles’ta her ticari sağlayıcı""}]","[]","[{""subjectType"":""PERSON"",""required"":true},{""subjectType"":""BUSINESS"",""required"":true},{""subjectType"":""VEHICLE"",""required"":true},{""subjectType"":""SITE"",""required"":true},{""subjectType"":""OPERATOR"",""required"":true},{""subjectType"":""PERSON"",""required"":true},{""subjectType"":""BUSINESS"",""required"":true},{""subjectType"":""POLICY"",""required"":true},{""subjectType"":""BUSINESS"",""required"":true},{""subjectType"":""VEHICLE"",""required"":true},{""subjectType"":""SITE"",""required"":true},{""subjectType"":""PERSON"",""required"":true},{""subjectType"":""BUSINESS"",""required"":true}]","CAPABILITY_BLOCKED","BLOCKED","COUNTRY_SCAFFOLD_ONLY,AI_RESEARCHED_UNVERIFIED,LOCAL_COUNSEL_NOT_REVIEWED,CONNECTOR_NOT_AUTHORIZED,PRODUCT_RELEASE_PENDING","AI_RESEARCHED_UNVERIFIED","NOT_REVIEWED","NOT_IMPLEMENTED_OR_NOT_AUTHORIZED","SELF_ASSERTED","PENDING","BLOCKED_PENDING_GATES"
"US-CA-LOS_ANGELES:automotive:vehicle-maintenance","60003","automotive","25","vehicle-maintenance","automotive/vehicle-maintenance","CRITICAL","","[{""key"":""GLOBAL-EVIDENCE-CHAIN"",""trigger"":""Her zorunlu credential""},{""key"":""GLOBAL-IDENTITY-ENTITY"",""trigger"":""Her sağlayıcı""},{""key"":""GLOBAL-LOCAL-LAW-TEXT"",""trigger"":""Her rule-pack ve kullanıcı metni""},{""key"":""US-CA-ARD"",""trigger"":""Ücretli diagnose, service veya repair; mobile/referral/sublet dahil""},{""key"":""US-CA-LA-BASE"",""trigger"":""Los Angeles’ta her ticari sağlayıcı""}]","[]","[{""subjectType"":""PERSON"",""required"":true},{""subjectType"":""BUSINESS"",""required"":true},{""subjectType"":""VEHICLE"",""required"":true},{""subjectType"":""SITE"",""required"":true},{""subjectType"":""OPERATOR"",""required"":true},{""subjectType"":""PERSON"",""required"":true},{""subjectType"":""BUSINESS"",""required"":true},{""subjectType"":""POLICY"",""required"":true},{""subjectType"":""BUSINESS"",""required"":true},{""subjectType"":""VEHICLE"",""required"":true},{""subjectType"":""SITE"",""required"":true},{""subjectType"":""PERSON"",""required"":true},{""subjectType"":""BUSINESS"",""required"":true}]","CAPABILITY_BLOCKED","BLOCKED","COUNTRY_SCAFFOLD_ONLY,AI_RESEARCHED_UNVERIFIED,LOCAL_COUNSEL_NOT_REVIEWED,CONNECTOR_NOT_AUTHORIZED,PRODUCT_RELEASE_PENDING","AI_RESEARCHED_UNVERIFIED","NOT_REVIEWED","NOT_IMPLEMENTED_OR_NOT_AUTHORIZED","SELF_ASSERTED","PENDING","BLOCKED_PENDING_GATES"
"US-CA-LOS_ANGELES:automotive:vehicle-diagnostics","60003","automotive","49","vehicle-diagnostics","automotive/vehicle-diagnostics","CRITICAL","","[{""key"":""GLOBAL-EVIDENCE-CHAIN"",""trigger"":""Her zorunlu credential""},{""key"":""GLOBAL-IDENTITY-ENTITY"",""trigger"":""Her sağlayıcı""},{""key"":""GLOBAL-LOCAL-LAW-TEXT"",""trigger"":""Her rule-pack ve kullanıcı metni""},{""key"":""US-CA-ARD"",""trigger"":""Ücretli diagnose, service veya repair; mobile/referral/sublet dahil""},{""key"":""US-CA-LA-BASE"",""trigger"":""Los Angeles’ta her ticari sağlayıcı""}]","[]","[{""subjectType"":""PERSON"",""required"":true},{""subjectType"":""BUSINESS"",""required"":true},{""subjectType"":""VEHICLE"",""required"":true},{""subjectType"":""SITE"",""required"":true},{""subjectType"":""OPERATOR"",""required"":true},{""subjectType"":""PERSON"",""required"":true},{""subjectType"":""BUSINESS"",""required"":true},{""subjectType"":""POLICY"",""required"":true},{""subjectType"":""BUSINESS"",""required"":true},{""subjectType"":""VEHICLE"",""required"":true},{""subjectType"":""SITE"",""required"":true},{""subjectType"":""PERSON"",""required"":true},{""subjectType"":""BUSINESS"",""required"":true}]","CAPABILITY_BLOCKED","BLOCKED","COUNTRY_SCAFFOLD_ONLY,AI_RESEARCHED_UNVERIFIED,LOCAL_COUNSEL_NOT_REVIEWED,CONNECTOR_NOT_AUTHORIZED,PRODUCT_RELEASE_PENDING","AI_RESEARCHED_UNVERIFIED","NOT_REVIEWED","NOT_IMPLEMENTED_OR_NOT_AUTHORIZED","SELF_ASSERTED","PENDING","BLOCKED_PENDING_GATES"
"US-CA-LOS_ANGELES:automotive:auto-detailing","60003","automotive","61","auto-detailing","automotive/auto-detailing","CRITICAL","US-CA-ARD: Ücretli diagnose, service veya repair; mobile/referral/sublet dahil","[{""key"":""GLOBAL-EVIDENCE-CHAIN"",""trigger"":""Her zorunlu credential""},{""key"":""GLOBAL-IDENTITY-ENTITY"",""trigger"":""Her sağlayıcı""},{""key"":""GLOBAL-LOCAL-LAW-TEXT"",""trigger"":""Her rule-pack ve kullanıcı metni""},{""key"":""US-CA-LA-BASE"",""trigger"":""Los Angeles’ta her ticari sağlayıcı""}]","[{""key"":""US-CA-ARD"",""trigger"":""Ücretli diagnose, service veya repair; mobile/referral/sublet dahil"",""condition"":""US-CA-ARD: Ücretli diagnose, service veya repair; mobile/referral/sublet dahil""}]","[{""subjectType"":""PERSON"",""required"":true},{""subjectType"":""BUSINESS"",""required"":true},{""subjectType"":""VEHICLE"",""required"":true},{""subjectType"":""SITE"",""required"":true},{""subjectType"":""OPERATOR"",""required"":true},{""subjectType"":""PERSON"",""required"":true},{""subjectType"":""BUSINESS"",""required"":true},{""subjectType"":""POLICY"",""required"":true},{""subjectType"":""BUSINESS"",""required"":true},{""subjectType"":""VEHICLE"",""required"":true},{""subjectType"":""SITE"",""required"":true},{""subjectType"":""PERSON"",""required"":true},{""subjectType"":""BUSINESS"",""required"":true}]","CAPABILITY_BLOCKED","BLOCKED","COUNTRY_SCAFFOLD_ONLY,AI_RESEARCHED_UNVERIFIED,LOCAL_COUNSEL_NOT_REVIEWED,CONNECTOR_NOT_AUTHORIZED,PRODUCT_RELEASE_PENDING","AI_RESEARCHED_UNVERIFIED","NOT_REVIEWED","NOT_IMPLEMENTED_OR_NOT_AUTHORIZED","SELF_ASSERTED","PENDING","BLOCKED_PENDING_GATES"
"US-CA-LOS_ANGELES:technology:smart-home-setup","60004","technology","14","smart-home-setup","technology/smart-home-setup","CRITICAL","US-CA-CONTRACTOR-CLASS: İş permit gerektiriyorsa, çalışan kullanılıyorsa veya labor+materials toplamı $1.000+ ise; platformda contractor olarak reklam minor exemption’ı kaldırabilir | US-CA-C10: Elektrik tesisatı/onarımı | US-CA-ALARM: Güvenlik alarmını satma, kurma, izleme, servis veya yanıt","[{""key"":""GLOBAL-EVIDENCE-CHAIN"",""trigger"":""Her zorunlu credential""},{""key"":""GLOBAL-IDENTITY-ENTITY"",""trigger"":""Her sağlayıcı""},{""key"":""GLOBAL-LOCAL-LAW-TEXT"",""trigger"":""Her rule-pack ve kullanıcı metni""},{""key"":""US-CA-APPLIANCE"",""trigger"":""Beyaz eşya, bilgisayar, telefon veya consumer electronic repair""},{""key"":""US-CA-LA-BASE"",""trigger"":""Los Angeles’ta her ticari sağlayıcı""}]","[{""key"":""US-CA-ALARM"",""trigger"":""Güvenlik alarmını satma, kurma, izleme, servis veya yanıt"",""condition"":""US-CA-CONTRACTOR-CLASS: İş permit gerektiriyorsa, çalışan kullanılıyorsa veya labor+materials toplamı $1.000+ ise; platformda contractor olarak reklam minor exemption’ı kaldırabilir | US-CA-C10: Elektrik tesisatı/onarımı | US-CA-ALARM: Güvenlik alarmını satma, kurma, izleme, servis veya yanıt""},{""key"":""US-CA-C10"",""trigger"":""Elektrik tesisatı/onarımı"",""condition"":""US-CA-CONTRACTOR-CLASS: İş permit gerektiriyorsa, çalışan kullanılıyorsa veya labor+materials toplamı $1.000+ ise; platformda contractor olarak reklam minor exemption’ı kaldırabilir | US-CA-C10: Elektrik tesisatı/onarımı | US-CA-ALARM: Güvenlik alarmını satma, kurma, izleme, servis veya yanıt""},{""key"":""US-CA-CONTRACTOR-CLASS"",""trigger"":""İş permit gerektiriyorsa, çalışan kullanılıyorsa veya labor+materials toplamı $1.000+ ise; platformda contractor olarak reklam minor exemption’ı kaldırabilir"",""condition"":""US-CA-CONTRACTOR-CLASS: İş permit gerektiriyorsa, çalışan kullanılıyorsa veya labor+materials toplamı $1.000+ ise; platformda contractor olarak reklam minor exemption’ı kaldırabilir | US-CA-C10: Elektrik tesisatı/onarımı | US-CA-ALARM: Güvenlik alarmını satma, kurma, izleme, servis veya yanıt""}]","[{""subjectType"":""PERSON"",""required"":true},{""subjectType"":""BUSINESS"",""required"":true},{""subjectType"":""VEHICLE"",""required"":true},{""subjectType"":""SITE"",""required"":true},{""subjectType"":""OPERATOR"",""required"":true},{""subjectType"":""PERSON"",""required"":true},{""subjectType"":""BUSINESS"",""required"":true},{""subjectType"":""POLICY"",""required"":true},{""subjectType"":""PERSON"",""required"":true},{""subjectType"":""BUSINESS"",""required"":true},{""subjectType"":""BUSINESS"",""required"":true},{""subjectType"":""SITE"",""required"":true},{""subjectType"":""BUSINESS"",""required"":true},{""subjectType"":""QUALIFIER"",""required"":true},{""subjectType"":""BUSINESS"",""required"":true},{""subjectType"":""QUALIFIER"",""required"":true},{""subjectType"":""PERSON"",""required"":true},{""subjectType"":""BUSINESS"",""required"":true}]","CAPABILITY_BLOCKED","BLOCKED","COUNTRY_SCAFFOLD_ONLY,AI_RESEARCHED_UNVERIFIED,LOCAL_COUNSEL_NOT_REVIEWED,CONNECTOR_NOT_AUTHORIZED,PRODUCT_RELEASE_PENDING","AI_RESEARCHED_UNVERIFIED","NOT_REVIEWED","NOT_IMPLEMENTED_OR_NOT_AUTHORIZED","SELF_ASSERTED","PENDING","BLOCKED_PENDING_GATES"
"US-CA-LOS_ANGELES:technology:mobile-device-service","60004","technology","26","mobile-device-service","technology/mobile-device-service","CRITICAL","","[{""key"":""GLOBAL-EVIDENCE-CHAIN"",""trigger"":""Her zorunlu credential""},{""key"":""GLOBAL-IDENTITY-ENTITY"",""trigger"":""Her sağlayıcı""},{""key"":""GLOBAL-LOCAL-LAW-TEXT"",""trigger"":""Her rule-pack ve kullanıcı metni""},{""key"":""US-CA-APPLIANCE"",""trigger"":""Beyaz eşya, bilgisayar, telefon veya consumer electronic repair""},{""key"":""US-CA-LA-BASE"",""trigger"":""Los Angeles’ta her ticari sağlayıcı""}]","[]","[{""subjectType"":""PERSON"",""required"":true},{""subjectType"":""BUSINESS"",""required"":true},{""subjectType"":""VEHICLE"",""required"":true},{""subjectType"":""SITE"",""required"":true},{""subjectType"":""OPERATOR"",""required"":true},{""subjectType"":""PERSON"",""required"":true},{""subjectType"":""BUSINESS"",""required"":true},{""subjectType"":""POLICY"",""required"":true},{""subjectType"":""BUSINESS"",""required"":true},{""subjectType"":""SITE"",""required"":true},{""subjectType"":""PERSON"",""required"":true},{""subjectType"":""BUSINESS"",""required"":true}]","CAPABILITY_BLOCKED","BLOCKED","COUNTRY_SCAFFOLD_ONLY,AI_RESEARCHED_UNVERIFIED,LOCAL_COUNSEL_NOT_REVIEWED,CONNECTOR_NOT_AUTHORIZED,PRODUCT_RELEASE_PENDING","AI_RESEARCHED_UNVERIFIED","NOT_REVIEWED","NOT_IMPLEMENTED_OR_NOT_AUTHORIZED","SELF_ASSERTED","PENDING","BLOCKED_PENDING_GATES"
"US-CA-LOS_ANGELES:technology:computer-service","60004","technology","38","computer-service","technology/computer-service","CRITICAL","","[{""key"":""GLOBAL-EVIDENCE-CHAIN"",""trigger"":""Her zorunlu credential""},{""key"":""GLOBAL-IDENTITY-ENTITY"",""trigger"":""Her sağlayıcı""},{""key"":""GLOBAL-LOCAL-LAW-TEXT"",""trigger"":""Her rule-pack ve kullanıcı metni""},{""key"":""US-CA-APPLIANCE"",""trigger"":""Beyaz eşya, bilgisayar, telefon veya consumer electronic repair""},{""key"":""US-CA-LA-BASE"",""trigger"":""Los Angeles’ta her ticari sağlayıcı""}]","[]","[{""subjectType"":""PERSON"",""required"":true},{""subjectType"":""BUSINESS"",""required"":true},{""subjectType"":""VEHICLE"",""required"":true},{""subjectType"":""SITE"",""required"":true},{""subjectType"":""OPERATOR"",""required"":true},{""subjectType"":""PERSON"",""required"":true},{""subjectType"":""BUSINESS"",""required"":true},{""subjectType"":""POLICY"",""required"":true},{""subjectType"":""BUSINESS"",""required"":true},{""subjectType"":""SITE"",""required"":true},{""subjectType"":""PERSON"",""required"":true},{""subjectType"":""BUSINESS"",""required"":true}]","CAPABILITY_BLOCKED","BLOCKED","COUNTRY_SCAFFOLD_ONLY,AI_RESEARCHED_UNVERIFIED,LOCAL_COUNSEL_NOT_REVIEWED,CONNECTOR_NOT_AUTHORIZED,PRODUCT_RELEASE_PENDING","AI_RESEARCHED_UNVERIFIED","NOT_REVIEWED","NOT_IMPLEMENTED_OR_NOT_AUTHORIZED","SELF_ASSERTED","PENDING","BLOCKED_PENDING_GATES"
"US-CA-LOS_ANGELES:technology:network-setup","60004","technology","50","network-setup","technology/network-setup","CRITICAL","US-CA-CONTRACTOR-CLASS: İş permit gerektiriyorsa, çalışan kullanılıyorsa veya labor+materials toplamı $1.000+ ise; platformda contractor olarak reklam minor exemption’ı kaldırabilir | US-CA-C10: Elektrik tesisatı/onarımı | US-CA-ALARM: Güvenlik alarmını satma, kurma, izleme, servis veya yanıt","[{""key"":""GLOBAL-EVIDENCE-CHAIN"",""trigger"":""Her zorunlu credential""},{""key"":""GLOBAL-IDENTITY-ENTITY"",""trigger"":""Her sağlayıcı""},{""key"":""GLOBAL-LOCAL-LAW-TEXT"",""trigger"":""Her rule-pack ve kullanıcı metni""},{""key"":""US-CA-APPLIANCE"",""trigger"":""Beyaz eşya, bilgisayar, telefon veya consumer electronic repair""},{""key"":""US-CA-LA-BASE"",""trigger"":""Los Angeles’ta her ticari sağlayıcı""}]","[{""key"":""US-CA-ALARM"",""trigger"":""Güvenlik alarmını satma, kurma, izleme, servis veya yanıt"",""condition"":""US-CA-CONTRACTOR-CLASS: İş permit gerektiriyorsa, çalışan kullanılıyorsa veya labor+materials toplamı $1.000+ ise; platformda contractor olarak reklam minor exemption’ı kaldırabilir | US-CA-C10: Elektrik tesisatı/onarımı | US-CA-ALARM: Güvenlik alarmını satma, kurma, izleme, servis veya yanıt""},{""key"":""US-CA-C10"",""trigger"":""Elektrik tesisatı/onarımı"",""condition"":""US-CA-CONTRACTOR-CLASS: İş permit gerektiriyorsa, çalışan kullanılıyorsa veya labor+materials toplamı $1.000+ ise; platformda contractor olarak reklam minor exemption’ı kaldırabilir | US-CA-C10: Elektrik tesisatı/onarımı | US-CA-ALARM: Güvenlik alarmını satma, kurma, izleme, servis veya yanıt""},{""key"":""US-CA-CONTRACTOR-CLASS"",""trigger"":""İş permit gerektiriyorsa, çalışan kullanılıyorsa veya labor+materials toplamı $1.000+ ise; platformda contractor olarak reklam minor exemption’ı kaldırabilir"",""condition"":""US-CA-CONTRACTOR-CLASS: İş permit gerektiriyorsa, çalışan kullanılıyorsa veya labor+materials toplamı $1.000+ ise; platformda contractor olarak reklam minor exemption’ı kaldırabilir | US-CA-C10: Elektrik tesisatı/onarımı | US-CA-ALARM: Güvenlik alarmını satma, kurma, izleme, servis veya yanıt""}]","[{""subjectType"":""PERSON"",""required"":true},{""subjectType"":""BUSINESS"",""required"":true},{""subjectType"":""VEHICLE"",""required"":true},{""subjectType"":""SITE"",""required"":true},{""subjectType"":""OPERATOR"",""required"":true},{""subjectType"":""PERSON"",""required"":true},{""subjectType"":""BUSINESS"",""required"":true},{""subjectType"":""POLICY"",""required"":true},{""subjectType"":""PERSON"",""required"":true},{""subjectType"":""BUSINESS"",""required"":true},{""subjectType"":""BUSINESS"",""required"":true},{""subjectType"":""SITE"",""required"":true},{""subjectType"":""BUSINESS"",""required"":true},{""subjectType"":""QUALIFIER"",""required"":true},{""subjectType"":""BUSINESS"",""required"":true},{""subjectType"":""QUALIFIER"",""required"":true},{""subjectType"":""PERSON"",""required"":true},{""subjectType"":""BUSINESS"",""required"":true}]","CAPABILITY_BLOCKED","BLOCKED","COUNTRY_SCAFFOLD_ONLY,AI_RESEARCHED_UNVERIFIED,LOCAL_COUNSEL_NOT_REVIEWED,CONNECTOR_NOT_AUTHORIZED,PRODUCT_RELEASE_PENDING","AI_RESEARCHED_UNVERIFIED","NOT_REVIEWED","NOT_IMPLEMENTED_OR_NOT_AUTHORIZED","SELF_ASSERTED","PENDING","BLOCKED_PENDING_GATES"
"US-CA-LOS_ANGELES:personal-care:nail-care","60005","personal-care","27","nail-care","personal-care/nail-care","CRITICAL","","[{""key"":""GLOBAL-EVIDENCE-CHAIN"",""trigger"":""Her zorunlu credential""},{""key"":""GLOBAL-IDENTITY-ENTITY"",""trigger"":""Her sağlayıcı""},{""key"":""GLOBAL-LOCAL-LAW-TEXT"",""trigger"":""Her rule-pack ve kullanıcı metni""},{""key"":""US-CA-LA-BASE"",""trigger"":""Los Angeles’ta her ticari sağlayıcı""},{""key"":""US-CA-PERSONAL"",""trigger"":""Saç, makyaj, tırnak veya Board kapsamındaki beauty service""}]","[]","[{""subjectType"":""PERSON"",""required"":true},{""subjectType"":""BUSINESS"",""required"":true},{""subjectType"":""VEHICLE"",""required"":true},{""subjectType"":""SITE"",""required"":true},{""subjectType"":""OPERATOR"",""required"":true},{""subjectType"":""PERSON"",""required"":true},{""subjectType"":""BUSINESS"",""required"":true},{""subjectType"":""POLICY"",""required"":true},{""subjectType"":""PERSON"",""required"":true},{""subjectType"":""BUSINESS"",""required"":true},{""subjectType"":""PERSON"",""required"":true},{""subjectType"":""BUSINESS"",""required"":true},{""subjectType"":""SITE"",""required"":true}]","CAPABILITY_BLOCKED","BLOCKED","COUNTRY_SCAFFOLD_ONLY,AI_RESEARCHED_UNVERIFIED,LOCAL_COUNSEL_NOT_REVIEWED,CONNECTOR_NOT_AUTHORIZED,PRODUCT_RELEASE_PENDING","AI_RESEARCHED_UNVERIFIED","NOT_REVIEWED","NOT_IMPLEMENTED_OR_NOT_AUTHORIZED","SELF_ASSERTED","PENDING","BLOCKED_PENDING_GATES"
"US-CA-LOS_ANGELES:personal-care:makeup","60005","personal-care","39","makeup","personal-care/makeup","CRITICAL","","[{""key"":""GLOBAL-EVIDENCE-CHAIN"",""trigger"":""Her zorunlu credential""},{""key"":""GLOBAL-IDENTITY-ENTITY"",""trigger"":""Her sağlayıcı""},{""key"":""GLOBAL-LOCAL-LAW-TEXT"",""trigger"":""Her rule-pack ve kullanıcı metni""},{""key"":""US-CA-LA-BASE"",""trigger"":""Los Angeles’ta her ticari sağlayıcı""},{""key"":""US-CA-PERSONAL"",""trigger"":""Saç, makyaj, tırnak veya Board kapsamındaki beauty service""}]","[]","[{""subjectType"":""PERSON"",""required"":true},{""subjectType"":""BUSINESS"",""required"":true},{""subjectType"":""VEHICLE"",""required"":true},{""subjectType"":""SITE"",""required"":true},{""subjectType"":""OPERATOR"",""required"":true},{""subjectType"":""PERSON"",""required"":true},{""subjectType"":""BUSINESS"",""required"":true},{""subjectType"":""POLICY"",""required"":true},{""subjectType"":""PERSON"",""required"":true},{""subjectType"":""BUSINESS"",""required"":true},{""subjectType"":""PERSON"",""required"":true},{""subjectType"":""BUSINESS"",""required"":true},{""subjectType"":""SITE"",""required"":true}]","CAPABILITY_BLOCKED","BLOCKED","COUNTRY_SCAFFOLD_ONLY,AI_RESEARCHED_UNVERIFIED,LOCAL_COUNSEL_NOT_REVIEWED,CONNECTOR_NOT_AUTHORIZED,PRODUCT_RELEASE_PENDING","AI_RESEARCHED_UNVERIFIED","NOT_REVIEWED","NOT_IMPLEMENTED_OR_NOT_AUTHORIZED","SELF_ASSERTED","PENDING","BLOCKED_PENDING_GATES"
"US-CA-LOS_ANGELES:personal-care:massage","60005","personal-care","51","massage","personal-care/massage","CRITICAL","","[{""key"":""GLOBAL-EVIDENCE-CHAIN"",""trigger"":""Her zorunlu credential""},{""key"":""GLOBAL-IDENTITY-ENTITY"",""trigger"":""Her sağlayıcı""},{""key"":""GLOBAL-LOCAL-LAW-TEXT"",""trigger"":""Her rule-pack ve kullanıcı metni""},{""key"":""US-CA-LA-BASE"",""trigger"":""Los Angeles’ta her ticari sağlayıcı""},{""key"":""US-CA-MASSAGE"",""trigger"":""Massage/therapeutic bodywork""}]","[]","[{""subjectType"":""PERSON"",""required"":true},{""subjectType"":""BUSINESS"",""required"":true},{""subjectType"":""VEHICLE"",""required"":true},{""subjectType"":""SITE"",""required"":true},{""subjectType"":""OPERATOR"",""required"":true},{""subjectType"":""PERSON"",""required"":true},{""subjectType"":""BUSINESS"",""required"":true},{""subjectType"":""POLICY"",""required"":true},{""subjectType"":""PERSON"",""required"":true},{""subjectType"":""BUSINESS"",""required"":true},{""subjectType"":""PERSON"",""required"":true},{""subjectType"":""BUSINESS"",""required"":true},{""subjectType"":""SITE"",""required"":true}]","CAPABILITY_BLOCKED","BLOCKED","COUNTRY_SCAFFOLD_ONLY,AI_RESEARCHED_UNVERIFIED,LOCAL_COUNSEL_NOT_REVIEWED,CONNECTOR_NOT_AUTHORIZED,PRODUCT_RELEASE_PENDING","AI_RESEARCHED_UNVERIFIED","NOT_REVIEWED","NOT_IMPLEMENTED_OR_NOT_AUTHORIZED","SELF_ASSERTED","PENDING","BLOCKED_PENDING_GATES"
"US-CA-LOS_ANGELES:personal-care:hair-care","60005","personal-care","62","hair-care","personal-care/hair-care","CRITICAL","","[{""key"":""GLOBAL-EVIDENCE-CHAIN"",""trigger"":""Her zorunlu credential""},{""key"":""GLOBAL-IDENTITY-ENTITY"",""trigger"":""Her sağlayıcı""},{""key"":""GLOBAL-LOCAL-LAW-TEXT"",""trigger"":""Her rule-pack ve kullanıcı metni""},{""key"":""US-CA-LA-BASE"",""trigger"":""Los Angeles’ta her ticari sağlayıcı""},{""key"":""US-CA-PERSONAL"",""trigger"":""Saç, makyaj, tırnak veya Board kapsamındaki beauty service""}]","[]","[{""subjectType"":""PERSON"",""required"":true},{""subjectType"":""BUSINESS"",""required"":true},{""subjectType"":""VEHICLE"",""required"":true},{""subjectType"":""SITE"",""required"":true},{""subjectType"":""OPERATOR"",""required"":true},{""subjectType"":""PERSON"",""required"":true},{""subjectType"":""BUSINESS"",""required"":true},{""subjectType"":""POLICY"",""required"":true},{""subjectType"":""PERSON"",""required"":true},{""subjectType"":""BUSINESS"",""required"":true},{""subjectType"":""PERSON"",""required"":true},{""subjectType"":""BUSINESS"",""required"":true},{""subjectType"":""SITE"",""required"":true}]","CAPABILITY_BLOCKED","BLOCKED","COUNTRY_SCAFFOLD_ONLY,AI_RESEARCHED_UNVERIFIED,LOCAL_COUNSEL_NOT_REVIEWED,CONNECTOR_NOT_AUTHORIZED,PRODUCT_RELEASE_PENDING","AI_RESEARCHED_UNVERIFIED","NOT_REVIEWED","NOT_IMPLEMENTED_OR_NOT_AUTHORIZED","SELF_ASSERTED","PENDING","BLOCKED_PENDING_GATES"
